choice:id,mean,mean,mean,mean,mean,mean,mean,sd,sd,sd,sd,sd,sd,sd
,BVA,Cluster17,Elabe,Harris Interactive,Ifop,Ipsos,Opinion Way,BVA,Cluster17,Elabe,Harris Interactive,Ifop,Ipsos,Opinion Way
Le Pen,0.4008006009256408,-1.4029908190077018,-0.12725356355694828,0.7130878497056722,0.5938971168033584,-0.702947321140152,0.5130187956599763,0.7190096622023714,0.7955016763401904,1.2285181929290003,0.8287314700069575,1.1223440887319305,1.2043808992171563,0.9741636005185831
Macron,0.17947333678173966,-1.7961087937331115,-0.00228280569324113,-0.14548423070865318,0.35413914412387676,1.0014610357019584,-0.24407202824703375,1.3665872080269579,1.385908415846496,2.261216544016674,1.3809434624589245,1.3242510186480512,1.394156418627616,1.4440157053605733
Mélenchon,-0.31229377926056123,2.1135088544113936,-0.10562550126905397,0.3423573002070893,-0.5891700610231873,-0.30817948925014244,-0.9540095263539948,1.0095781503988988,0.4487778269912965,1.2343775435497852,0.711259987017808,0.8249394623520652,1.3039363196775975,0.9823988060721822
Pécresse,-0.004571598391756421,-0.5231439050330461,0.4344051514501843,-0.2870265650352111,0.7106059939252458,-0.9243215577986441,1.0826689461987689,0.9004365585477974,1.0005110288386483,1.6402423047109265,1.2061528908470867,0.9078145336703908,1.1211957261534393,1.2430595218232636
Zemmour,-0.22564857128071716,1.1100644792053167,-0.7610809412791099,0.7318536616185051,0.25411361337157135,-0.39900241075867277,-0.7809873592048119,0.7960900195104957,0.8867256648079305,0.9881847520370093,1.1587662368282925,1.2333028443579086,1.004650732369502,1.153603183098669
