choice:id,mean,mean,mean,mean,mean,mean,mean,sd,sd,sd,sd,sd,sd,sd
,BVA,Cluster17,Elabe,Harris Interactive,Ifop,Ipsos,Opinion Way,BVA,Cluster17,Elabe,Harris Interactive,Ifop,Ipsos,Opinion Way
Le Pen,0.6928170941363829,-1.5056413633983543,-0.13001042573157426,0.44574043279329345,0.8529241161660747,-0.9415443842528403,0.4927946981113031,0.5630628119041483,0.8024509527547743,0.635183549387148,0.6843869202173861,1.112840131698131,0.9972874868760689,0.6884862861231639
Macron,0.22787087228753933,-1.947776992823284,0.40281080733838515,-0.023094073984824437,0.7900470247447232,0.3211146229072461,0.08480490909089146,0.43812210238248306,0.910946708392623,1.231693573208996,0.5921419836705404,0.6673877064240378,0.5779745135490297,0.6868332754364722
Mélenchon,-0.49328653198075134,2.7903794271302713,-0.33123570481104636,0.6358933189251108,-0.3840842775280439,-1.3952374454064087,-0.8274364527952159,0.46553609738406077,0.34897480053534946,0.8519224637373158,0.5286656656820374,0.5850682948382262,0.3922709267195561,0.49058202895226993
Pécresse,-0.15320438603216457,-1.3007305588226226,0.9692291123613964,-0.4556934577990879,0.2548090888711484,-0.010872083556697257,0.9646120653538198,0.5552067615811607,1.2133141037077935,1.207908281948138,0.9765403962004783,0.5154566538419131,0.49409957764830825,0.6935446372703317
Zemmour,-0.6519522706661953,1.0185677374420117,-0.7050762776151158,1.071577565696745,-0.06567984066629703,0.13279168207354028,-0.4316428995384281,0.6026249883738896,0.5348714649432251,0.7045038163597425,0.7066700496071485,1.0045582666606714,0.7660970285878753,0.8478753272655458
