choice:id,mean,mean,mean,mean,mean,mean,mean,sd,sd,sd,sd,sd,sd,sd
,BVA,Cluster17,Elabe,Harris Interactive,Ifop,Ipsos,Opinion Way,BVA,Cluster17,Elabe,Harris Interactive,Ifop,Ipsos,Opinion Way
Le Pen,0.6876430081870906,-1.5090454191315135,-0.13492425965325397,0.441821371854493,0.8471953509474508,-0.9459190215062657,0.5361380691355516,0.562035594332481,0.802264547480337,0.6358101847897327,0.6842081614233912,1.1119064557788414,0.9992412773099504,0.6268412566048799
Macron,0.22987851222889066,-1.9467021149296937,0.4046702301062683,-0.021758622689815432,0.7922645076840289,0.32271014085221356,0.07063377101997703,0.43915333590006916,0.9112437625125323,1.2326352688632405,0.5919196169350653,0.6672906149797077,0.5768900565381113,0.6870896558387908
Mélenchon,-0.49128305190908383,2.7918157572159132,-0.32933310170624264,0.6374828331849671,-0.38197348685694016,-1.3935058724108196,-0.8452199108406099,0.4648365347324974,0.34909750704610365,0.8520474178068498,0.5281977088581368,0.5856425443102812,0.3927598820964965,0.48169428390958624
Pécresse,-0.15532762907411657,-1.3023220148833143,0.9671673555382144,-0.4574562336620538,0.2524399828020786,-0.012736211167348799,0.9763335027353323,0.5563131856539769,1.2137261876490928,1.208701714802,0.976614446327918,0.5161232452190576,0.49368401716898613,0.6972718547071198
Zemmour,-0.6498769884642259,1.0203369864592857,-0.7030431302367489,1.0734484964126365,-0.0634330736028237,0.13471489314187637,-0.4485962973997488,0.6032211984585252,0.5349796688591513,0.7041704348781626,0.7064678662319411,1.0047847427328942,0.766264607947528,0.8510265411595797
