choice:id,mean,mean,mean,mean,mean,mean,mean,sd,sd,sd,sd,sd,sd,sd
,BVA,Cluster17,Elabe,Harris Interactive,Ifop,Ipsos,Opinion Way,BVA,Cluster17,Elabe,Harris Interactive,Ifop,Ipsos,Opinion Way
Le Pen,0.35656582983353535,-1.565863987903486,0.10341827897240233,0.8841390878126119,0.5839092595919707,-0.6555426607366157,0.3601063777600883,0.9294131670175576,0.7792401614728444,1.5479654771477545,1.1919190057679747,1.245476913520101,1.4817832815064278,0.975604980721682
Macron,0.0872726381323595,-1.7356309446096523,0.05137150454133125,-0.18256127182555582,0.3036323812343393,0.6838487237032013,-0.22146349929103512,1.3681860523912264,1.4025588509654012,2.1231021469545115,1.3705218613388488,1.3013486434106318,1.5697073003211468,1.423630771742147
Mélenchon,-0.31588613100466245,1.933546658584333,-0.043745724267273314,0.44151893414921006,-0.6070427584622389,-0.24540492110602521,-1.0188438105538487,1.0901661190186636,0.5529304411198585,1.231045214158435,1.0135895419975034,0.9551131680637114,1.4419073365669777,1.0500406512199005
Pécresse,0.02738272284701413,-0.38799497113815634,0.24120690458413727,-0.30584999502613663,0.7166845702824078,-0.7784570444130066,1.1145927790464139,0.9070409907022726,0.9478617493042532,1.7072807170947708,1.170284276148324,0.9832809649212801,1.037311265265816,1.2824144858826716
Zemmour,-0.26168725162255857,1.2002984895157884,-0.7585334582190649,0.5093974347195043,0.28481669699926243,-0.23529637332783065,-0.6971285802705984,0.9879015446964602,0.8583538729002993,0.9502498181673548,1.3675093911648009,1.2382300715585448,0.9370316806209407,1.0919300272844288
