choice:id,mean,mean,mean,mean,mean,mean,mean,sd,sd,sd,sd,sd,sd,sd
,BVA,Cluster17,Elabe,Harris Interactive,Ifop,Ipsos,Opinion Way,BVA,Cluster17,Elabe,Harris Interactive,Ifop,Ipsos,Opinion Way
Le Pen,0.4242683927345188,-1.3281221227426865,0.026506933631919694,0.7254219132234179,0.5805286524713756,-1.0578311761894341,0.5182521875476596,0.6544708395128271,0.8196603003890482,1.2842217406010388,0.8347188529334363,0.9962533033249447,0.8116387747573142,0.8552609701447745
Macron,0.26031014229728067,-1.7995934687168686,0.03968484537556094,-0.21055143038328586,0.4310017555248678,1.2883705864899104,-0.18792565759555965,1.416140596045852,1.3981753170934297,2.244281089550884,1.3476322426962728,1.3442925922946707,1.4252425949082497,1.4771738733376585
Mélenchon,-0.4005094940778373,2.2564502406797735,0.07417061995609053,0.3985642477867283,-0.5511391709890476,-0.6288614162179533,-0.9797172402837562,0.8088105851144416,0.3935878162073356,1.3344068440111199,0.6914885621781823,0.736275141748813,0.9834689778607106,0.7845960282990461
Pécresse,-0.013388900754274902,-0.5868921293951106,0.27402079919886296,-0.3056811230393848,0.6328541727378016,-0.761288438462635,1.0473380128376553,0.9051406945828202,1.0084115152781934,1.7066325443725827,1.2069843530126119,0.9325859559743951,1.1775979407862518,1.2534537483101322
Zemmour,-0.2279208323826556,1.0546695508388158,-0.9015563369001631,0.7917714323781903,0.20437030097668857,-0.32252272805920856,-0.7593783333996051,0.6928548995355076,0.9080093694392499,1.0489772133284128,1.0875472128972505,1.2257810222004633,1.070624511615636,1.101274995935865
