choice:id,mean,mean,mean,mean,mean,mean,mean,mean,mean,sd,sd,sd,sd,sd,sd,sd,sd,sd
,BVA,Cluster17,Elabe,Harris Interactive,Ifop,Ipsos,Kantar Public,Odoxa,Opinion Way,BVA,Cluster17,Elabe,Harris Interactive,Ifop,Ipsos,Kantar Public,Odoxa,Opinion Way
Le Pen,0.5921958592096543,-2.0205625185432936,0.6911565441113813,1.4339226768533344,0.3680380545273545,-0.4069665962881608,0.3309620779544069,1.3409633493489856,-0.5458039179558327,2.4927119607937,1.4968604537480659,2.1862924179657943,2.904531999803428,2.9443741643279626,2.2685024496817348,1.5879074863112204,1.2212528614728515,3.3825967747879524
Macron,0.2039066127138126,-1.754164684022833,0.5860113261361791,-0.3494613043722558,0.31837974701807564,0.28823668640014405,0.05766752433033684,-0.052165912452760414,-1.164209613159857,1.4331197101432909,1.622773058096769,2.12844639524908,1.5203277647793223,1.4626632681428258,1.5478287252422518,2.259015000936195,0.9755410268660888,4.834469105685221
Mélenchon,-0.45372011090761977,1.933981491445272,-0.21961871492225726,1.0745109124102559,-0.5338445784747456,-0.30312238943086633,0.002459140514961433,-0.5468927249177976,-1.409097277683768,1.3638845649910614,0.6752117354138957,1.3410086351899069,1.2385718531660173,1.25064946126178,1.493191047218301,1.1199162940612617,0.8962728681945522,2.1369761302436654
Pécresse,0.3480789301051273,-0.58190209122454,-0.8001469594665443,-1.6153204463489854,0.23544284211596705,-1.0171097830162104,-0.625370403885523,-0.7488748348179859,1.0618830296364403,2.918449261822569,3.1352906838908092,4.272351193413204,4.172508805016438,3.269314600624156,2.516946911387705,0.8954003827640209,4.708707130862678,3.457153205896882
Zemmour,-1.0111198853160541,1.4789452343809792,-1.3573513972362947,-1.482721965150871,0.20137455212812164,-0.7912305259288939,0.981405767039381,0.006659282412259009,-1.0986862642844881,3.6203428309137813,2.243922258334236,2.6155557036151027,4.6042217812212005,2.352242211424677,2.443239988932534,1.4714079519597298,1.8832358310620159,2.7153673969437073
