choice:id,mean,mean,mean,mean,mean,mean,mean,sd,sd,sd,sd,sd,sd,sd
,BVA,Cluster17,Elabe,Harris Interactive,Ifop,Ipsos,Opinion Way,BVA,Cluster17,Elabe,Harris Interactive,Ifop,Ipsos,Opinion Way
Le Pen,0.5311376046194495,-1.2846007012602945,-0.19091635691882197,0.7032981580315477,0.6472615600504701,-1.1036070717179647,0.6215991188370371,0.6669681032191334,0.8698432864603122,0.9570702855835436,0.7555940181193136,1.0431345170120632,0.9340581827746974,0.9375003330830721
Macron,0.20181978648685353,-1.7060021185147454,0.4172893539012499,0.10734886459722552,0.7537835970782557,0.6381934302420311,-0.023741198462372548,1.256983303315262,1.265372900548031,2.4081609224352167,1.375398778076819,1.2651006877726834,1.4835175141065153,1.370463293421325
Mélenchon,-0.5144867730411313,2.517169036980849,-0.08555616952830788,0.5596000613551794,-0.3905643469302353,-1.081429673778384,-0.9071565664275698,0.5936017802747091,0.31903600260317305,1.0479480715757044,0.6494912865636266,0.6066238523278975,0.9933840197238306,0.578523177899148
Pécresse,-0.026162367115638574,-0.8221260499169408,0.1117546199089519,-0.6022956445742266,0.48376359517558537,-0.11289459153923054,1.0104461385136874,0.5688601075263194,0.9949603091829957,1.91313589890105,1.31336859133112,0.671239016756501,1.072005586847522,0.9882533979398439
Zemmour,-0.5593288632021016,1.102933116976597,-0.8423089066462893,0.8077218465786816,0.021595163469545767,0.05929503435358052,-0.7142831221894427,0.6759981069633919,0.6208912532200163,0.897156607198652,0.8759376822832218,1.3028984213575092,0.8137263841115004,0.9853378560054643
