choice:id,mean,mean,mean,mean,mean,mean,mean,sd,sd,sd,sd,sd,sd,sd
,BVA,Cluster17,Elabe,Harris Interactive,Ifop,Ipsos,Opinion Way,BVA,Cluster17,Elabe,Harris Interactive,Ifop,Ipsos,Opinion Way
Le Pen,0.5047450500892775,-1.2984686279926427,-0.21034961285361042,0.6885228571933109,0.6533078713921165,-1.0570622303800716,0.6212809708434075,0.6263401779574492,0.8673210741336361,0.9618672975005602,0.7441821961081877,1.0273512229104653,0.9038457938821658,0.9138528255404902
Macron,0.4709627898158989,-1.8354464446566796,0.24516364615256983,-0.03361797870904493,0.7273821996188733,0.8293645956103239,-0.018802800118201117,1.5037169578053853,1.1877960117801947,2.337321334366717,1.3084219188127755,1.365410651596944,1.6227646819591188,1.4850091896368813
Mélenchon,-0.3405455145270341,2.4668438437228213,-0.15070594222987985,0.5050261282124212,-0.47885772007170657,-0.9480756259926838,-0.9307879157950432,0.7779967428030666,0.33700852347174054,1.0179363728272481,0.6425114680899662,0.5834856350266449,1.0446542256342555,0.5860516385550216
Pécresse,-0.11755729025415361,-0.7413021059929746,0.2156999654967356,-0.5152404852604727,0.5221272796202981,-0.2697238142637407,0.9980509019063362,0.6553573684683562,0.9926689895146764,1.8489972981692486,1.2734057814281663,0.6889119541766395,1.1850763910161326,1.0438345563472613
Zemmour,-0.546482230650712,1.1222906883228303,-0.8136795607326226,0.8294359090556248,-0.011944687664868125,0.059825304469551616,-0.7538470375752813,0.6355695362814138,0.632453388115172,0.8886171230868961,0.865002253512498,1.308848721391873,0.7727274302540964,0.9942928210561583
