choice:id,mean,mean,mean,mean,mean,mean,mean,sd,sd,sd,sd,sd,sd,sd
,BVA,Cluster17,Elabe,Harris Interactive,Ifop,Ipsos,Opinion Way,BVA,Cluster17,Elabe,Harris Interactive,Ifop,Ipsos,Opinion Way
Le Pen,0.493992308490762,-1.30544605615798,-0.220008852951678,0.6808595442129372,0.6428916267368476,-1.0198335996148493,0.6216994556520745,0.6288986034082588,0.8656427221013485,0.9632124350417541,0.7397881472429447,1.0269353038674434,0.8710246664280844,0.9097136978205251
Macron,0.43272052653098214,-1.863970306855574,0.20852980143172317,-0.0649262976710349,0.6877602457546859,0.9999792074075298,-0.017103233479633457,1.4928247613969916,1.177258531913404,2.33139988420192,1.3021721892177818,1.3594875061312985,1.645651066982247,1.5107734427412802
Mélenchon,-0.3520996762088137,2.456962296366017,-0.16239931946094438,0.4942685564000458,-0.4916144661681299,-0.8608676641279842,-0.9365078282296422,0.7784392948573099,0.3389236797077124,1.0173796250402214,0.6447195322052722,0.5816811864423144,1.031340388078784,0.5833089764854653
Pécresse,-0.0836925024573014,-0.7160295324252319,0.24766562599546518,-0.4877441815822892,0.5568100661197791,-0.4260474083594678,0.9880023418475491,0.638656292545718,0.9920195747335637,1.8333333349238237,1.2650806882531367,0.6781926722615442,1.243994721863835,1.0927679260445877
Zemmour,-0.533960701608211,1.1302799257103402,-0.8023764411077166,0.8382913583247952,8.700738189489861e-05,0.007910386348526722,-0.7673403744528438,0.6388614927653996,0.6368591090541763,0.8858397813691259,0.8612220767501996,1.308730263643998,0.7580031272865779,1.0077884785296674
