choice:id,mean,mean,mean,mean,mean,mean,mean,sd,sd,sd,sd,sd,sd,sd
,BVA,Cluster17,Elabe,Harris Interactive,Ifop,Ipsos,Opinion Way,BVA,Cluster17,Elabe,Harris Interactive,Ifop,Ipsos,Opinion Way
Le Pen,0.3000250223584725,-1.6102619416838826,0.31166593307819945,0.8353465005838923,0.584345835910864,-0.6716602750231293,0.3778811218583556,0.9113613991987195,0.7752547092437128,1.7643695533007206,1.1479482462036783,1.286795697806966,1.48132517394004,1.0816043707463612
Macron,0.09304239724396872,-1.7325248372227062,0.06488265307905602,-0.17883200531831744,0.29020940076452906,0.6496935827125581,-0.23842719101025836,1.3711468433566385,1.4098154260651035,2.0556444468240826,1.374029319390783,1.3014680820868392,1.5655510630145555,1.4247815853392625
Mélenchon,-0.35297121891779926,1.903393496324408,0.03378721802952202,0.40860791237012295,-0.5921122082134362,-0.2042404831937583,-1.0224069691278515,1.070059678236634,0.5657653968305296,1.2451923985690703,0.9951808527025376,1.0151778286508228,1.4894061229026956,1.0533022887480759
Pécresse,0.06984019858677257,-0.3531520156984751,0.07995498238834008,-0.2679457025086227,0.7264712209749127,-0.7824226072380318,1.0986745281405335,0.8828379052034565,0.9418527604466916,1.7942686666137855,1.1530112403388961,0.9855295059950786,1.0617396474460554,1.316507040726186
Zemmour,-0.23186567203134842,1.2240050788082593,-0.8440547617422604,0.5354386271104308,0.2781437694719312,-0.2310958842320724,-0.6930508507488109,0.9818853580282466,0.8542779089881628,1.0028985213508286,1.3478687831368736,1.2556055968392743,0.9380886800424463,1.087796375940639
