choice:id,mean,mean,mean,mean,mean,mean,mean,sd,sd,sd,sd,sd,sd,sd
,BVA,Cluster17,Elabe,Harris Interactive,Ifop,Ipsos,Opinion Way,BVA,Cluster17,Elabe,Harris Interactive,Ifop,Ipsos,Opinion Way
Le Pen,0.4583465134842378,-1.4116582083475253,-0.07795314159028137,0.754757200862658,0.5545828922845543,-0.8292016331237061,0.507268138651084,0.7283034315120517,0.8031195463649141,1.2431829719866019,0.8514998760385749,1.041863656945956,1.1122720264784351,0.9410540726196708
Macron,0.17310910057601347,-1.8392945920867272,-0.003272207482473514,-0.14324035303248905,0.37162197164493804,1.1994975788179945,-0.2411462507201916,1.3537726842826254,1.4049358486572763,2.2528453671365325,1.3676497475598208,1.3346303805244688,1.3173650231309075,1.4527959566819122
Mélenchon,-0.24238948355801287,2.158876720275688,-0.04443226702862457,0.39555857329809985,-0.5905007713665875,-0.53232632144146,-0.9702340360357953,1.0452863881607002,0.4382698389506472,1.2637514755571948,0.7215044348382404,0.7855320442728717,1.0532269533987284,0.9027135097025419
Pécresse,-0.06239814461824879,-0.49467350507538277,0.3821951094464491,-0.33363777875847955,0.6951700187563916,-0.8571172199755478,1.0832701550662456,0.9235256671199064,0.9953735557186743,1.6607267030490651,1.2179154832832337,0.9149628103654205,1.1361865038289833,1.236802190115976
Zemmour,-0.2632079275321928,1.1402492528444905,-0.793947477891147,0.70386752990722,0.2742807431644874,-0.42637130441646287,-0.7681474932204551,0.7924495191391134,0.8884575568619926,0.9983835950804254,1.1717804824301443,1.2199185126793042,1.0797179731010902,1.1507313327814075
