choice:id,mean,mean,mean,mean,mean,mean,mean,sd,sd,sd,sd,sd,sd,sd
,BVA,Cluster17,Elabe,Harris Interactive,Ifop,Ipsos,Opinion Way,BVA,Cluster17,Elabe,Harris Interactive,Ifop,Ipsos,Opinion Way
Le Pen,0.6632409984017684,-1.3666815813229651,-0.15802927581200818,0.4944137779277082,0.8193522578195966,-0.9660036832013805,0.4128299338629523,0.5563319827075496,0.8968617365222794,0.6378716511256602,0.6756250390364893,1.0705727744099376,1.0082520729347757,0.7419463366729677
Macron,0.2051427937675312,-1.9009240529726548,0.38112194688235884,0.035558923299177536,0.7904463856475964,0.3024537226543191,0.07407163737072775,0.42973896119186317,0.8810606570929218,1.2224880115107943,0.5994966027966517,0.6526557030427246,0.58862832825814,0.6943614483498861
Mélenchon,-0.508766060798636,2.791032660281966,-0.34587946883547777,0.5971178093284174,-0.2950830729340367,-1.4085068520392472,-0.8263325093775503,0.47071180412822666,0.33221607744642634,0.8507043759400267,0.508196720109317,0.6849711065610814,0.38816655576192965,0.4935813645901537
Pécresse,-0.1351059725810675,-1.2102388134029594,0.986768908982131,-0.5599683340359335,0.20128289193830753,0.005640445579382221,0.9717720601719328,0.550397305975743,1.1709824417546653,1.204333262375257,0.9825788556927263,0.5653218808786324,0.4956771168705214,0.6878583715428894
Zemmour,-0.6748946243655154,1.026987052564216,-0.7270167494253957,1.0180685731497665,-0.00019755351177281735,0.11338586016030601,-0.41536452381661315,0.5911771860495961,0.5110610707574018,0.7119098903548666,0.6777806569502802,1.0223067801683177,0.7629792232629695,0.8691304798366036
