choice:id,mean,mean,mean,mean,mean,mean,mean,sd,sd,sd,sd,sd,sd,sd
,BVA,Cluster17,Elabe,Harris Interactive,Ifop,Ipsos,Opinion Way,BVA,Cluster17,Elabe,Harris Interactive,Ifop,Ipsos,Opinion Way
Le Pen,0.4487068687687241,-1.3600033593048733,0.05300396296376716,0.742822756821735,0.5705416160140706,-1.101837067443249,0.5411947930515292,0.6533006428673069,0.8295334372484708,1.2968438140881342,0.8451184089105136,0.9768721381885062,0.7593301789754069,0.8642106292014858
Macron,0.290760207033276,-1.8911723730609773,0.07133598087117488,-0.18460771361521877,0.4748147534709159,1.3228952039596633,-0.16726217785892822,1.4221563233041992,1.383508931769204,2.2468603006764054,1.3514551565878405,1.3571253648203496,1.4763520070775393,1.4843870481285732
Mélenchon,-0.3713294802991838,2.2763843412065046,0.10564396671182215,0.42044808269843487,-0.5570530483600459,-0.6669704306592239,-0.9815480067924853,0.8231881364614826,0.39646707786275,1.3555274022684454,0.6954681372720367,0.7093030281437233,0.9719063601180582,0.7402395781950343
Pécresse,-0.05797651096134637,-0.5516692428493544,0.22651640438745435,-0.3399689334724488,0.6297834204568766,-0.7209632509348406,1.0118840733269405,0.9289802667543847,1.012911112485961,1.7339076463189322,1.2196393746979313,0.9130346650879709,1.1590550496769818,1.2745571114149012
Zemmour,-0.26137343885042963,1.1208323267918703,-0.9371237295202466,0.7676745070838605,0.17895297411426786,-0.2931960878087079,-0.7724644007366486,0.6789014088088587,0.8755371287848334,1.0673299477850182,1.1004153055512265,1.2358504413222136,1.0645350862657252,1.100057387053714
