choice:id,mean,mean,mean,mean,mean,mean,mean,sd,sd,sd,sd,sd,sd,sd
,BVA,Cluster17,Elabe,Harris Interactive,Ifop,Ipsos,Opinion Way,BVA,Cluster17,Elabe,Harris Interactive,Ifop,Ipsos,Opinion Way
Le Pen,0.7574094510190669,-1.2756194488558164,-0.09155475091973608,0.5110208447827123,0.6791572899889768,-0.9591732887496386,0.33137635452651637,0.5324806951993407,0.8980998104489373,0.9319703860618245,0.6430732836117337,1.065265600135314,1.0020882425459607,0.7802715209413533
Macron,0.11851669557825203,-1.7431857542647047,0.2841868826169125,0.01732806029720777,0.8103334704406535,0.3166612643501446,0.1032316088917028,0.4448545330730509,0.9577190944168962,1.0904812835949065,0.5838969437102315,0.6328955093552271,0.5802692549084134,0.6561348680816957
Mélenchon,-0.4674800437912907,2.7350694366383723,-0.2546371355970636,0.6028070389318854,-0.2584756263979865,-1.4936192744778196,-0.7090489732046873,0.5286528260684666,0.32454640731175244,0.8066978532917513,0.6037430234696114,0.7152478778415283,0.36461012984339763,0.6954645724969811
Pécresse,-0.24747675445325434,-1.1069201948731953,0.3428285685254686,-0.4615345436234831,0.34787939218438496,0.181563929490444,0.880276988641143,0.7395879614294185,1.1168277933015565,1.8442960523327778,0.9605823709640496,0.5285365961332436,0.5420137053011511,0.9334218838943039
Zemmour,-0.5501352957764751,1.0078661411915357,-0.785849056870656,0.9460801423735872,0.1659176086836272,0.011272876915606448,-0.43595092471029917,0.6841068295428449,0.5460989241860614,0.6581489035947913,0.6856137430284389,1.1895057189826217,0.7535105912828315,0.8054602082257319
