choice:id,mean,mean,mean,mean,mean,mean,mean,sd,sd,sd,sd,sd,sd,sd
,BVA,Cluster17,Elabe,Harris Interactive,Ifop,Ipsos,Opinion Way,BVA,Cluster17,Elabe,Harris Interactive,Ifop,Ipsos,Opinion Way
Le Pen,0.3086164461411478,-1.4808243240701395,0.038942798196928245,0.8057810423522473,0.5491150281175629,-0.6345765413916817,0.48178353794651047,0.7080027708210684,0.7790886743536299,1.4307155433532812,0.9629585548543883,1.1327289386075214,1.371255401248728,0.9763975616037621
Macron,0.1773657861086776,-1.8000948510978192,-0.013090928939061651,-0.11488576812462649,0.33273916791370917,0.8604285036509984,-0.2499198819122868,1.3757798012344973,1.396706368589906,2.179680592084732,1.3509663934438123,1.3258510017314904,1.453688789462866,1.4260159770794445
Mélenchon,-0.40095859271806766,2.037504370811295,0.014979813625778467,0.38666568691841524,-0.6390238225576269,-0.24493697793844774,-0.9337564328111081,0.9576377442548019,0.4849517258362604,1.3312329934058957,0.7859051692190424,0.8222075629582433,1.3975608389481209,1.0669591805036
Pécresse,0.06988919256534132,-0.4576891388634434,0.31779600759018495,-0.34101210998511783,0.7550409464183702,-0.9233359249044805,1.0748666515234666,0.8628361519289854,0.9839676717659885,1.6696268122253695,1.2194738086533998,0.8941846402620443,1.1089173074896237,1.2608966552263554
Zemmour,-0.1717077672180116,1.1554293353419873,-0.7793806797989554,0.5813599105118461,0.28222750586011197,-0.3273781059237971,-0.7804747079193189,0.8004172827022541,0.8757434769704706,0.9588937941925172,1.3064347234546576,1.2317351512794412,0.9442847961415322,1.1386970882710787
