choice:id,mean,mean,mean,mean,mean,mean,mean,sd,sd,sd,sd,sd,sd,sd
,BVA,Cluster17,Elabe,Harris Interactive,Ifop,Ipsos,Opinion Way,BVA,Cluster17,Elabe,Harris Interactive,Ifop,Ipsos,Opinion Way
Le Pen,0.3516880010857932,-1.5696676447332136,0.09848656947167049,0.8798720257902137,0.5793186214862852,-0.6637010513266907,0.3941386409100257,0.9268995047931902,0.7785269435599862,1.5440037919402485,1.1870480341323135,1.2426526294748352,1.4777994009978956,1.0419202298444845
Macron,0.08776225229558854,-1.735338623894787,0.05184799327732544,-0.1822049025686221,0.3040016358364305,0.6851903816168055,-0.22748505232663738,1.368332143069252,1.4031514305338968,2.123442871761693,1.3707484250084097,1.3015119842506735,1.5693513309090072,1.4182817448949028
Mélenchon,-0.31901727450735,1.9310666727529044,-0.04687554118016709,0.43876425032849076,-0.6100273959342855,-0.250301458563296,-0.9990698608491634,1.0879228939457337,0.5539821835499602,1.228839486103539,1.0113596094866801,0.9531016014224875,1.439383706608869,1.0672080123868988
Pécresse,0.031156266330278192,-0.3849679053550586,0.24502427948944128,-0.30248827618108376,0.720306426354583,-0.7725630447628901,1.0878450376932487,0.9043972993193111,0.9472073519478212,1.7045685343863315,1.1683539034539792,0.9807133688718436,1.0348155598224906,1.3090596768601008
Zemmour,-0.25922263245540994,1.202238410497695,-0.7560500888435012,0.5115649889419435,0.287177543966452,-0.23145659262515253,-0.7134572204741838,0.9871701205246011,0.8579021380487208,0.9490507553250723,1.3656501485857357,1.2377066963741055,0.935954778362885,1.1011745082733146
