choice:id,mean,mean,mean,mean,mean,mean,mean,sd,sd,sd,sd,sd,sd,sd
,BVA,Cluster17,Elabe,Harris Interactive,Ifop,Ipsos,Opinion Way,BVA,Cluster17,Elabe,Harris Interactive,Ifop,Ipsos,Opinion Way
Le Pen,0.4802855799103405,-1.3956850674641357,-0.05838126843333461,0.7716077854804428,0.5751839186814125,-0.9355939389759099,0.4941642179101034,0.7314073633571577,0.8053045180987675,1.2474825056139962,0.8587074311361883,1.044273861065037,1.071231991747995,0.8916346903477098
Macron,0.170056127896588,-1.8376913367338887,-0.0034417622450553984,-0.1415773267498514,0.3720265275819238,1.2533035522482538,-0.23180693706637298,1.3466426979737747,1.3968265892013156,2.2485820713268447,1.360489913793094,1.3289881633177731,1.35351530993023,1.4507702579374366
Mélenchon,-0.21707053987848646,2.1788260508967543,-0.02124351155653607,0.4164118133710213,-0.5658427175956732,-0.6963626616315879,-0.9607514118549354,1.0540126675514703,0.4309984493793746,1.2708413187103111,0.7225720194815426,0.7912649887192434,0.8950386776361151,0.9018560801611849
Pécresse,-0.0783486402917105,-0.5095637665836722,0.36611152619294957,-0.3491312890785047,0.67778077905523,-0.7806085923851367,1.0763968889855302,0.9235091283265274,0.9961581946971084,1.6621776558869068,1.2168133440623212,0.9135801598908361,1.152206164941161,1.2388806757520423
Zemmour,-0.2809141514293842,1.1266593028582537,-0.8103524468205409,0.6894099923987326,0.25691104441807044,-0.3297970089409025,-0.7677455011635638,0.7899536962824266,0.887731368591627,1.0014129992363465,1.1757990440660542,1.2185613809540656,1.0646082758781361,1.1465163859373808
