choice:id,mean,mean,mean,mean,mean,mean,mean,sd,sd,sd,sd,sd,sd,sd
,BVA,Cluster17,Elabe,Harris Interactive,Ifop,Ipsos,Opinion Way,BVA,Cluster17,Elabe,Harris Interactive,Ifop,Ipsos,Opinion Way
Le Pen,0.49293589392304377,-1.3061817866580052,-0.22096552574551964,0.6800615615190964,0.6418795536759963,-1.0210499838220461,0.6316897462961588,0.6290730523536,0.8655181397011398,0.9633434616564015,0.739467123542581,1.0269093328406198,0.8710263776409319,0.9076951588827111
Macron,0.42709716228913613,-1.8678963641994426,0.2034628695186523,-0.06914046501323116,0.6823142763585767,0.9933999271898379,0.01750944721857403,1.4897838304328566,1.175163837248019,2.329776339984134,1.3005221770925326,1.3574787318673762,1.6413689151835154,1.535433515141049
Mélenchon,-0.3532734994053635,2.4560746748680478,-0.16347152783408703,0.4933308797069434,-0.4927570169177367,-0.8622086943480879,-0.9313630313689872,0.7779893068446286,0.3391788547847816,1.017010428467332,0.644643890323698,0.5814993829627395,1.0305607635686795,0.5812877062402164
Pécresse,-0.07832380251752344,-0.7122727910981014,0.25244242269162703,-0.4837391755542135,0.5619495071146187,-0.4196677367890963,0.9497208317962678,0.6352564406848566,0.9921570965479892,1.8304250592473097,1.263176078752842,0.6756018058684955,1.2393975261997996,1.141956217351975
Zemmour,-0.5312952392875313,1.1320366075381085,-0.80001324888806,0.8402013756440331,0.002635139255875653,0.011079514047628613,-0.7900507191868981,0.6394404468098817,0.6376452857235585,0.8852273823209349,0.8604684139198899,1.3086085521055515,0.7575692993753025,1.0220026610727422
