choice:id,mean,mean,mean,mean,mean,mean,mean,sd,sd,sd,sd,sd,sd,sd
,BVA,Cluster17,Elabe,Harris Interactive,Ifop,Ipsos,Opinion Way,BVA,Cluster17,Elabe,Harris Interactive,Ifop,Ipsos,Opinion Way
Le Pen,0.5299887435361731,-1.285621726808165,-0.19227278323823285,0.7021875883826286,0.6459377442195224,-1.1046552971580454,0.6338895825483267,0.6672095469574227,0.8696534105719161,0.9572725178244819,0.7550786941494191,1.0431114610161765,0.9344206306591732,0.9364216739230543
Macron,0.19546796945339948,-1.7117435528972202,0.4096511064358864,0.1011755053132557,0.7462810374537299,0.6321820459643903,0.021233088757242495,1.253937256199474,1.2614448336279125,2.4044838241959434,1.3719074614724736,1.2619150333601028,1.4801073055705996,1.4218100846120327
Mélenchon,-0.515879924312333,2.5158748961813617,-0.08718496286440196,0.5582259609729158,-0.39216843640314314,-1.082756680575259,-0.8994613680248051,0.5932900785106304,0.31940164214707034,1.0471657052333123,0.6492328176856499,0.606158426290451,0.9925929836003436,0.578631355684475
Pécresse,-0.02167064912412453,-0.818009677745883,0.11706793875668282,-0.5979013116053812,0.4890102645520331,-0.10862781496462803,0.9778727063016661,0.5665066540022692,0.9948774920673643,1.909676020025515,1.311015232590772,0.6685955716394785,1.069664803426459,1.0245194051376514
Zemmour,-0.5564861831666313,1.1054592770287437,-0.8388312217475928,0.8104703992353817,0.024992820433341875,0.06194710756213784,-0.7410653069027203,0.6768231558736559,0.6219483971644395,0.8959137815056115,0.8745975542236499,1.3028092002814282,0.8138635864638969,1.0066033295872931
