choice:id,mean,mean,mean,mean,mean,mean,mean,sd,sd,sd,sd,sd,sd,sd
,BVA,Cluster17,Elabe,Harris Interactive,Ifop,Ipsos,Opinion Way,BVA,Cluster17,Elabe,Harris Interactive,Ifop,Ipsos,Opinion Way
Le Pen,0.533921600179692,-1.2820011511250278,-0.187424539758673,0.7060556909794196,0.618583347699409,-1.1008979366046,0.6267584988059656,0.6657029449505129,0.8702475850423005,0.9563903349590103,0.7573239456701537,1.033755377863971,0.9331122923430858,0.9459541978257129
Macron,0.22014588437599336,-1.68913202978725,0.43996091732715464,0.12541072094279007,0.6773556016730473,0.655763105014,-0.05588466992513458,1.2670567775975525,1.2779677328325094,2.4212109364778303,1.3873028198672097,1.1143033743904334,1.494736821173192,1.3178306500661052
Mélenchon,-0.5119030817679328,2.519598190649428,-0.08260941132866542,0.5621516999845478,-0.3899681970775503,-1.0789552705852479,-0.9139195715143772,0.5940533423176637,0.3184797078912463,1.0491327283077685,0.6498414806006937,0.6141336049704953,0.9945531267591105,0.578281491559527
Pécresse,-0.037085361301076425,-0.8322733985535706,0.09852728049313111,-0.6130850581773862,0.5171060040645599,-0.12338420207246648,1.036656294990237,0.5748298561947618,0.9950983101615558,1.922409650810502,1.3197463288603766,0.6142361398531807,1.0784063109773094,0.9509897631701406
Zemmour,-0.5650517053654754,1.0978009180771735,-0.8495506018300534,0.8021378375995512,0.05504560625596842,0.05389945114702144,-0.7058758733407072,0.674373243157229,0.6185704012509631,0.9000040276872744,0.8789510331870912,1.2908129545298757,0.8134731615877212,0.9874125249113884
