choice:id,mean,mean,mean,mean,mean,mean,mean,mean,mean,sd,sd,sd,sd,sd,sd,sd,sd,sd
,BVA,Cluster17,Elabe,Harris Interactive,Ifop,Ipsos,Kantar Public,Odoxa,Opinion Way,BVA,Cluster17,Elabe,Harris Interactive,Ifop,Ipsos,Kantar Public,Odoxa,Opinion Way
Le Pen,0.4655783603999147,-2.12300412526121,0.5853525621467209,1.3842039667593427,0.2645136395887261,-0.607171987152284,0.1076603680232564,1.2431882768672895,-0.43651078214993444,2.4882715014680823,1.4525136845379054,2.1433820934278973,2.8996348348624688,2.9221216562756642,2.241216285574094,1.4506283707234993,1.1041040990884878,4.174952359946785
Macron,0.09381133076937605,-1.843842556802245,0.49316025842280825,-0.39289117492314785,0.22883941993458598,0.1131755194187941,-0.13683162916832714,-0.1383839313018618,-1.0405752456565087,1.4703713888504404,1.5851653510862427,2.1497704771419777,1.5116742274461024,1.4720664847157225,1.5759745332706288,2.323148503714445,0.9308008974722991,5.393493959192911
Mélenchon,-0.39157493630647977,1.9845668179463258,-0.1667972609446391,1.0986688726355625,-0.4843353336058385,-0.20105102132999333,0.11419222784522676,-0.497450563840805,-1.4633842603581164,1.4395196321004906,0.6860168722450686,1.3991769797443263,1.2525201611087604,1.2935599247909229,1.5745812272845687,1.1830629960357777,0.9683293264415733,2.487565325915155
Pécresse,0.395798167237407,-0.5432551611811026,-0.7604625588751966,-1.5964615888965557,0.27497905872328066,-0.9430614552752321,-0.5422470020510657,-0.7125125763699977,1.0142932630774975,2.9057938448190903,3.141877811039876,4.270928551044843,4.176588379128889,3.270500446064232,2.5194399574408464,0.8521092770573951,4.698477685562833,3.580704852525254
Zemmour,-0.9630246496062607,1.5178599039781815,-1.3172227370607206,-1.4637909759651244,0.2408697684547877,-0.7158222323192445,1.0659568419168157,0.04369010219838389,-1.1339471437934665,3.6271761752610234,2.2287637567112046,2.616665175308211,4.607117470803193,2.3473043540504026,2.449645705830494,1.4381581468556384,1.842597018391178,2.8456794847692946
