choice:id,mean,mean,mean,mean,mean,mean,mean,sd,sd,sd,sd,sd,sd,sd
,BVA,Cluster17,Elabe,Harris Interactive,Ifop,Ipsos,Opinion Way,BVA,Cluster17,Elabe,Harris Interactive,Ifop,Ipsos,Opinion Way
Le Pen,0.6831392973570658,-1.5115210820101284,-0.13908096112557425,0.4387147330574215,0.8510621821882144,-0.9494116942101721,0.556189042724924,0.5604940357135939,0.802165406720638,0.6362128104379414,0.6841228527147831,1.1307848293344882,1.0014512446903825,0.6156577916000674
Macron,0.23130337252748312,-1.9461185278400812,0.4059770847242123,-0.020936423734818632,0.7776207705034142,0.3237527197473404,0.08170694837071148,0.43993367973154224,0.9115012067317055,1.23353776135213,0.5916205753694185,0.6745162963732195,0.5758507803819866,0.692640074879717
Mélenchon,-0.4854275712377931,2.796140077949867,-0.3237903221969874,0.6421939007168604,-0.40746825566157907,-1.3884296416588944,-0.8604663967275841,0.4630494667890735,0.3493625500967414,0.8524480854597719,0.5269669551387081,0.5753442094743064,0.39415252204025103,0.4713597008427319
Pécresse,-0.16230760805346156,-1.307676523258251,0.9604717085709309,-0.46324391614287874,0.2771122805909191,-0.01888314759547634,0.9842104057892133,0.5596720164303941,1.2146642788455229,1.2109460417057858,0.9767851034416378,0.5009957273061005,0.492544339282984,0.7010361787806526
Zemmour,-0.6406824606933794,1.0273715409298518,-0.6943112071166354,1.0811055245358716,-0.10627283844548935,0.14271368467105194,-0.4593724108816538,0.6071612045938763,0.5356756785534287,0.7020455801921787,0.7053951846237145,0.9880631475989516,0.7672469876591428,0.8559993209768775
