choice:id,mean,mean,mean,mean,mean,mean,mean,sd,sd,sd,sd,sd,sd,sd
,BVA,Cluster17,Elabe,Harris Interactive,Ifop,Ipsos,Opinion Way,BVA,Cluster17,Elabe,Harris Interactive,Ifop,Ipsos,Opinion Way
Le Pen,0.3901116359303746,-1.4121070516792302,-0.1360066833102224,0.705898176737142,0.6304034105747169,-0.7226879455417289,0.5403556109295071,0.7170653099755363,0.7928720477208621,1.2249847232031585,0.8236310981489121,1.1629615420476056,1.1968707844785367,0.9937345797868874
Macron,0.17956561820681494,-1.7962389927311755,-0.00292026244199306,-0.1463813792826907,0.3371004186328128,1.0047926804614769,-0.2519407668784945,1.3680742317115049,1.3878429361881255,2.262415749863044,1.3826087296840726,1.3199385909159036,1.3947549548313067,1.4328699985263105
Mélenchon,-0.3247356093875098,2.102846196367969,-0.11597326544840048,0.33370149148319694,-0.5621140508269111,-0.33020638794248613,-0.9102925165055253,1.0009781846142933,0.4534798270187757,1.2272974291069914,0.7079859043715072,0.8620790636379332,1.2922463196298308,1.0391633694422355
Pécresse,0.0063065996428205056,-0.5136286951881935,0.4437591845307612,-0.27901654350567223,0.6900430409976733,-0.9063905610518396,1.0469019017681604,0.8941547214654271,0.9978333783141077,1.63523954761812,1.2026347384586649,0.9244429711636712,1.1128101650137898,1.2668715210525772
Zemmour,-0.21768259948737523,1.1168002925950453,-0.7543525506567693,0.7374334285771195,0.23632583553138745,-0.3852695194949248,-0.8037729485841045,0.7965548945114715,0.8846436879741587,0.9853594813036124,1.155392790081194,1.2368638241111185,1.0004094682146754,1.156407326472672
