choice:id,mean,mean,mean,mean,mean,mean,mean,sd,sd,sd,sd,sd,sd,sd
,BVA,Cluster17,Elabe,Harris Interactive,Ifop,Ipsos,Opinion Way,BVA,Cluster17,Elabe,Harris Interactive,Ifop,Ipsos,Opinion Way
Le Pen,0.5244868764070334,-1.2865145367084703,-0.19348234075069684,0.7015642444794935,0.6453341768002153,-1.105812883988078,0.6324186525140519,0.6209206036990894,0.8698477127531309,0.9585024380672439,0.7527924672066676,1.0429872736364465,0.9350011403174806,0.933969419224037
Macron,0.5789039235916726,-1.7639536249098395,0.34083811996867014,0.04427862972006983,0.6769688612044565,0.5785276136310471,-0.05280807668641413,1.568036530262566,1.2301330350778736,2.375554940352996,1.344060799807338,1.2385931612819394,1.4551467361783565,1.400232584304623
Mélenchon,-0.3099324125972626,2.4889552673716935,-0.12252693838334423,0.5290995176582176,-0.42761155020845454,-1.1105676787453342,-0.9375786330544233,0.7894475415574017,0.3300151061233925,1.0275720053521813,0.6429606408902816,0.5942508819063077,0.9712490961157552,0.5694518521517413
Pécresse,-0.18792858804406137,-0.789577873084921,0.15273398407775485,-0.567576563560312,0.5251678346683385,-0.07967430099891426,1.0164543632739818,0.7008023637926104,0.9931227810102606,1.8874806530554682,1.2968845985454567,0.652620833325743,1.0556672223090702,1.008399708871286
Zemmour,-0.5666929446218353,1.109912198605536,-0.8315127070085893,0.815726372688351,0.031923292862581304,0.06684412028225428,-0.7334256660297336,0.6310327021096425,0.6254478248705226,0.8936158808594944,0.8713884950365447,1.3037646304979935,0.8151269046593241,1.0045629770548503
