choice:id,mean,mean,mean,mean,mean,mean,sd,sd,sd,sd,sd,sd
,Cluster17,Elabe,Harris Interactive,Ifop,Ipsos,Opinion Way,Cluster17,Elabe,Harris Interactive,Ifop,Ipsos,Opinion Way
Le Pen,-1.4711489124156303,0.13280989967327486,0.5314421170638833,0.9312526303678098,-0.7473491719353437,0.643225335572468,0.808105159317399,0.6114773725549779,0.7189237671787225,1.2807909504901844,1.058428648206346,0.6462824261323419
Macron,-1.9960116716918281,0.18538193863848704,0.05362522382337127,0.7675200896392651,0.48537829022477724,0.29824473691147285,0.9357892788081186,1.193048674466771,0.6298485543045482,0.741305097325502,0.5494067873370385,0.5842122477201264
Mélenchon,2.734397945083444,-0.4265085280010794,0.6991474224003209,-0.5710696048981525,-1.5057164780052734,-0.8889604299787495,0.36109571804170876,0.9296019585010254,0.4725333803553086,0.5652181091795644,0.4021493354471151,0.4887734459717043
Pécresse,-1.3189990765939281,1.1301237902749672,-0.5660306992105963,0.288644949505471,-0.12816841400265097,0.8737880453818117,1.2740737749808442,1.1331650550611265,1.0367352535912135,0.4210331268567146,0.48535703218359794,0.7284116733305214
Zemmour,0.8794665515821469,-0.6998017845837733,1.0912826393822006,-0.31380774499506997,-0.01926243883274026,-0.6215684113968617,0.45427663118992245,0.6936258599706546,0.7117277961327964,0.978518910403242,0.7759217981130381,0.8145345092303735
