choice:id,mean,mean,mean,mean,mean,mean,mean,sd,sd,sd,sd,sd,sd,sd
,BVA,Cluster17,Elabe,Harris Interactive,Ifop,Ipsos,Opinion Way,BVA,Cluster17,Elabe,Harris Interactive,Ifop,Ipsos,Opinion Way
Le Pen,0.3879365679456303,-1.4139493657966893,-0.13783484994987058,0.7043742665330485,0.6282549211998697,-0.7264818589716758,0.5565381380225914,0.7167402321428628,0.7923993564016409,1.2243577557869305,0.8226738474754756,1.1621093851213788,1.195581994348191,1.0034529860053698
Macron,0.17883146016121682,-1.7969261540930523,-0.0036966524003041457,-0.14711213030326117,0.33628492715918074,1.004208620446005,-0.2511901580251239,1.3681952785381628,1.3878842967437646,2.262550662313847,1.382738602250676,1.3200885596401204,1.3948737705287642,1.425437232030419
Mélenchon,-0.328420474114716,2.0997068960936294,-0.11907089726502162,0.3310996340246549,-0.5657643053609437,-0.33658022608857985,-0.8816437798976418,0.998558337831557,0.45491630400207855,1.225284226976824,0.7070907108242861,0.8598315487787762,1.288981309222608,1.077803812588882
Pécresse,0.008569471804175974,-0.5116447178712734,0.44578231922337846,-0.27724406679446456,0.6923430599062038,-0.9030096603058884,1.0319628565634915,0.8931161371392962,0.997428081539369,1.6343263142560085,1.2020284997988089,0.9234199838722774,1.1114407275671858,1.270135059984061
Zemmour,-0.21589073559396058,1.118303601661637,-0.7527810104540539,0.7387676404904566,0.2381265632950977,-0.38248514624208696,-0.816857852425083,0.796781912157917,0.8843625568301218,0.9848673540737384,1.1547551768974935,1.2367454449858695,0.9997220019388143,1.1585268329761635
