choice:id,mean,mean,mean,mean,mean,mean,sd,sd,sd,sd,sd,sd
,Cluster17,Elabe,Harris Interactive,Ifop,Ipsos,Opinion Way,Cluster17,Elabe,Harris Interactive,Ifop,Ipsos,Opinion Way
Le Pen,-1.3945162449561135,-0.013186729467898672,0.5582937845564511,0.9683055707839037,-0.7503274292245408,0.660308962212286,0.7936126405176563,0.6516474832189996,0.6763430014817964,1.1891001477145757,1.0540064547378003,0.6116668800592445
Macron,-1.9288340352693605,0.4244548942514541,-0.003539773057380291,0.7589192043342039,0.46138811151114967,0.15036108703859513,0.9128995654181999,1.236163842666818,0.5947878249419354,0.692540066822922,0.5590678296453098,0.6674801369741535
Mélenchon,2.7461105556555356,-0.37854154863058415,0.5924286574566646,-0.5202061323835511,-1.5109798141100228,-0.9190633785714762,0.3437202900092365,0.8574262761822962,0.516886974737992,0.5385602536360405,0.4036190549267727,0.4663230504953221
Pécresse,-1.3586616247733456,0.8931082964932594,-0.5190337975800701,0.2808144799901926,-0.043843212931327355,0.9491316963624874,1.2283448219504554,1.246702261635628,0.9744383865837459,0.4684059084275319,0.5134369137040818,0.7096692442261986
Zemmour,0.9413946798497999,-0.756950579530819,1.0061508750843928,-0.23445611249921194,-0.08821106397286975,-0.5322090869240944,0.5455071452676856,0.6716189066176144,0.6833996843608375,0.9948806033335448,0.7664493914479975,0.9032789576121649
