choice:id,mean,mean,mean,mean,mean,mean,mean,sd,sd,sd,sd,sd,sd,sd
,BVA,Cluster17,Elabe,Harris Interactive,Ifop,Ipsos,Opinion Way,BVA,Cluster17,Elabe,Harris Interactive,Ifop,Ipsos,Opinion Way
Le Pen,0.4401514575423108,-1.4242080587176962,-0.09347699267485687,0.741686553588371,0.5816741834087661,-0.8203622347718217,0.5335140342960152,0.7248602086592657,0.8013942883409106,1.2381568074916773,0.8440631102085234,1.0784378364172957,1.0941025212475555,0.971169707905431
Macron,0.1767212133400733,-1.839300043393894,-0.0018968943718376725,-0.14326018300827645,0.36311145467590844,1.1500290522437826,-0.2478585983159274,1.3590601111386513,1.4111254933216035,2.2562724528332727,1.3731135690626974,1.328759374147631,1.324748585596909,1.444742047879182
Mélenchon,-0.2663383848134845,2.1412490976208574,-0.06541015027857784,0.37724194739929856,-0.5775406408003176,-0.4820288727387647,-0.9416074198642013,1.033015399926088,0.44627855755445534,1.2537641239871051,0.7178151747094637,0.8132306225307339,1.0891518789614507,0.949026332704549
Pécresse,-0.04580021546817075,-0.4809095631082952,0.39774987995828975,-0.31935250760681655,0.6946569645359535,-0.8768752608361743,1.0588898931949833,0.9189740645179911,0.9943188061762963,1.6563335854346009,1.2159098950559415,0.9126629710020157,1.121486094378194,1.2505549091700796
Zemmour,-0.2495106857377984,1.1500724499575652,-0.7818656773177648,0.7142061484935349,0.2583306432855325,-0.4252796881440463,-0.7894273662513941,0.7934901689139997,0.8878036699237339,0.9945938107352311,1.167209685156537,1.2278543324832476,1.0537065688908211,1.1572560843477921
