choice:id,mean,mean,mean,mean,mean,mean,mean,mean,sd,sd,sd,sd,sd,sd,sd,sd
,BVA,Cluster17,Elabe,Harris Interactive,Ifop,Ipsos,Kantar Public,Opinion Way,BVA,Cluster17,Elabe,Harris Interactive,Ifop,Ipsos,Kantar Public,Opinion Way
Le Pen,0.1275939372724917,-1.6462490931665839,0.12265769681550368,0.665376787277081,0.4183199849610309,-0.696875523068897,0.8515556844328067,0.2748395375932704,0.8776802354309052,0.9287753798222971,1.6922680497087597,1.09268077556766,1.242153365659535,1.5822366024368544,1.8010095819899719,1.135717570520138
Macron,-0.03284616729478991,-1.8893792425009523,-0.04438490611307178,-0.3362060829360023,0.16870965215893718,0.5218194252376783,-0.04801918109502523,-0.35603524822152766,1.4162033335183384,1.4661562379170925,2.093149716546016,1.4236019596105458,1.3239372959826337,1.563632526584807,2.286136672332694,1.4436711587730227
Mélenchon,-0.4939475216083672,1.799846328018614,-0.11906386997194597,0.2428931394998447,-0.7328498843582737,-0.15653761941151337,0.20893657283190592,-1.1051185368606244,1.0997106212839984,0.5575108429977486,1.2788244228196715,0.9993349779189329,1.0268825700801067,1.5997296057605441,1.2694363890951341,1.1157756342820981
Pécresse,0.3639693000010567,-0.027270410416539943,0.38341274688810123,0.07290937904997086,1.0143996350714763,-0.6590406945727296,-0.9742486270634338,1.317758343656939,0.9928881683538723,0.946751072094827,1.921065007960232,1.2424696320931095,1.0697930319764484,1.1854623744964337,0.9972584539789551,1.4363106167119792
Zemmour,-0.29256227921936767,1.0620847803167501,-0.9004457860185858,0.46192570500014085,0.21037280862396032,-0.36355986736513946,0.6315445172814003,-0.7876265469664616,0.9708142806742782,0.8892015269038155,0.9600368145058957,1.2998868266620107,1.2375480097466531,1.007588660695498,1.5576313670023163,1.0663405114335163
