choice:id,mean,mean,mean,mean,mean,mean,mean,sd,sd,sd,sd,sd,sd,sd
,BVA,Cluster17,Elabe,Harris Interactive,Ifop,Ipsos,Opinion Way,BVA,Cluster17,Elabe,Harris Interactive,Ifop,Ipsos,Opinion Way
Le Pen,0.5369622312252117,-1.2797024887431137,-0.04111507412698501,0.5892289970492842,0.5879787190520711,-1.0986918259526806,0.6164068858651961,0.6661492508170086,0.8708988615792267,0.9000466438524801,0.6749932108136651,1.022451522761881,0.9326095443708003,0.9535223950709024
Macron,0.38786140269541275,-1.5343119858496768,-0.1363901775609221,-0.10884792381582577,0.7788736425755369,0.8173797814199242,0.024797758404684754,1.3809514084361119,1.4155812482496402,1.0573935827896992,0.7769728457724279,1.0753149074781865,1.6199820538301797,1.231667999417759
Mélenchon,-0.4708173026120601,2.5571774274359687,-0.24403267335030007,0.533946337926618,-0.3598320917171082,-1.0401433889329228,-0.8707659721508254,0.608234405763692,0.30590941934360244,0.9220622722870417,0.6480190694664612,0.6299586288274108,1.025505555906648,0.5908094543455905
Pécresse,-0.12485747141002286,-0.9134433330025898,0.36331468265498423,-0.46108394894509563,0.47087384119649467,-0.20691242221765171,1.0029299095185702,0.6259956278595936,1.0018517016135706,1.7523874239083512,1.1719249707314512,0.5759645429783616,1.1317020882550866,0.9263864779418342
Zemmour,-0.6172507213085486,1.0495382093582686,-0.6888536866460472,0.9505358240611471,0.029568065951385565,0.003178112954067336,-0.718151662874788,0.6664637414597238,0.6012170166643328,0.6719063934369597,0.6554141622496997,1.2918655571651307,0.81733019363868,0.9808943356222019
