choice:id,mean,mean,mean,mean,mean,mean,mean,sd,sd,sd,sd,sd,sd,sd
,BVA,Cluster17,Elabe,Harris Interactive,Ifop,Ipsos,Opinion Way,BVA,Cluster17,Elabe,Harris Interactive,Ifop,Ipsos,Opinion Way
Le Pen,0.32069633299849126,-1.4704740650887076,0.051855570218173434,0.8166801873950036,0.5615686844766961,-0.7167050934518334,0.4793335287200191,0.708245882101849,0.7802374642020314,1.4358278745367088,0.968318491910878,1.1349855929853703,1.3021720388056433,0.9721564222643231
Macron,0.17320952590863847,-1.8029373506077513,-0.017494923385010762,-0.11794935995022253,0.32898486297926255,0.9258354531802548,-0.2566352259527872,1.3727241520124223,1.392783395237112,2.1779995215768357,1.3477495438843008,1.3239895032959117,1.4289437833839849,1.4312437325746743
Mélenchon,-0.38737318908591056,2.049492916662964,0.02953158375385497,0.39918670289008323,-0.6249383441972489,-0.3260892171786295,-0.9488405720142401,0.962139376188447,0.4801208922796557,1.3382577986595479,0.7888463715167456,0.8265017496023565,1.332456205485837,1.0373331106171997
Pécresse,0.06000795444306739,-0.4668203582627656,0.3071543640153391,-0.35049004791907545,0.7445403198436166,-0.8807421981573162,1.090204146705222,0.865017804578415,0.9851671198676445,1.6733385885075154,1.2211656631626193,0.8960364456388664,1.096355004413582,1.2437092312381426
Zemmour,-0.1755253716107706,1.1520743756918388,-0.783398579047722,0.5778016830843062,0.27817663822296573,-0.3232921735006679,-0.7709693505438269,0.7995094721201266,0.8754217603947696,0.9593387898922908,1.3071568928273238,1.2313997813764708,0.9614027308381394,1.1371630645905526
