choice:id,mean,mean,mean,mean,mean,mean,mean,sd,sd,sd,sd,sd,sd,sd
,BVA,Cluster17,Elabe,Harris Interactive,Ifop,Ipsos,Opinion Way,BVA,Cluster17,Elabe,Harris Interactive,Ifop,Ipsos,Opinion Way
Le Pen,0.7347585920044857,-1.294449365806247,-0.054114033534186014,0.5787917291377525,0.5538929200986483,-0.973157311269245,0.4856666723692622,0.5270568035925859,0.889874469105657,0.8928926085817102,0.6707751271293562,1.0523914615013021,1.0067480986031163,0.9467749865299537
Macron,0.06795798318560245,-1.785848470959926,0.2496132359332973,0.19735889549297106,0.973666922452441,0.2855657037760011,0.07997893852753883,0.4515715202683582,0.9347226596316439,1.0289657963818766,0.9070050699128077,0.938146208340326,0.5932414479636021,0.6990610053055343
Mélenchon,-0.5213940985728464,2.688831346517235,-0.07768905414383968,0.6686853848779168,-0.2478434765085529,-1.5313141729704445,-0.7263594694298346,0.5259149863508921,0.31902708911059957,1.0036961784306808,0.6834484781741235,0.6876020645697106,0.3572795559363717,0.6698011298891745
Pécresse,-0.1515946099554796,-1.0234208404256384,0.12125194305653134,-0.6579856391166714,0.2770522905989434,0.24993203113031517,0.9458075038885494,0.6910496134975432,1.100638821245201,1.9210876295849808,1.275671419187208,0.6832418217542792,0.5622101296692615,0.8645344100455673
Zemmour,-0.5597503139322437,0.998473395381878,-0.721701498792717,0.9291188472972102,0.14176275722777276,0.0008837473717709562,-0.5475751647003253,0.6862522097350956,0.548833645221349,0.6574131085436825,0.6562303679132395,1.2163839341308573,0.7548441453116456,0.8441557371217079
