choice:id,mean,mean,mean,mean,mean,mean,mean,mean,mean,sd,sd,sd,sd,sd,sd,sd,sd,sd
,BVA,Cluster17,Elabe,Harris Interactive,Ifop,Ipsos,Kantar Public,Odoxa,Opinion Way,BVA,Cluster17,Elabe,Harris Interactive,Ifop,Ipsos,Kantar Public,Odoxa,Opinion Way
Le Pen,0.7325093779916007,-1.9430257726723013,0.2762380845900727,0.10415409868299227,0.320299707443289,-0.7900976623047258,0.7764431419980555,0.948576568732407,0.1593662775617019,2.57440589878359,0.9907572944152937,1.8445697593337131,1.5573245507123907,1.3057586952114166,1.643906118388037,1.8759706229414357,0.5214759300272189,1.1764744970399512
Macron,0.10221384185608202,-1.7551080427234815,0.22468185259120432,-0.6338379457190878,0.24029590417139432,0.4923033949564672,-0.06073113905387917,-0.3622221468362472,-0.3705936010104596,1.433693577530285,1.6052935512319677,2.089700093389106,1.3636204475901854,1.3688219236842778,1.5745338755189628,2.289886651684594,1.1924405335159023,1.4279488720420614
Mélenchon,-0.5260874846172253,1.917977350670212,-0.21297590830636753,0.33264566512072474,-0.6308281518071207,0.05023433140082629,0.4065986012330325,-0.6376112572369697,-0.9674935741852949,1.2417648978699511,0.5723692827103694,1.393632222132291,0.9423207925588997,1.089073192216231,1.6647876073471153,1.331192457608578,0.33283580046106664,1.1764475994421955
Pécresse,-0.20256149955851493,-0.6035592534002915,-0.9481256111243161,-0.3566400137870115,0.8845106478463575,-0.5280064700729676,-0.9585170119353044,-1.1393474048986532,1.3827428052605824,3.0697973251378095,3.1656725573332674,4.274727050020758,2.810509925489161,2.2446391570055075,1.4619129197389296,1.0586977395092148,4.732577286182906,1.9023023434086335
Zemmour,-1.4279019281806735,1.4782855063019134,-0.5620434243999766,1.1092721379833348,0.33837864019510105,-0.3373204954484467,0.6504219232687225,-0.3163786506868158,-0.7504421308612139,3.8825968758965326,1.384429059494071,1.171964982907913,1.8168922968195422,1.3387018344964072,1.041856469076673,1.5862577423888555,1.0984540216479168,1.0724403220957845
