choice:id,mean,mean,mean,mean,mean,mean,sd,sd,sd,sd,sd,sd
,Cluster17,Elabe,Harris Interactive,Ifop,Ipsos,Opinion Way,Cluster17,Elabe,Harris Interactive,Ifop,Ipsos,Opinion Way
Le Pen,-1.5958321406763272,0.1551256272402206,0.5483630206703766,0.950472837191329,-0.7282716608174372,0.6769794539819005,0.8543112292699235,0.6219529525184331,0.7195103590237766,1.2595701487471846,1.043763668109035,0.6310815358062242
Macron,-1.911970751742287,0.17634667630806078,0.04740633431486531,0.7590756411262687,0.4780796682447111,0.2586038548541875,0.9171223023525173,1.1894975810645056,0.6301143411768242,0.7276633157530671,0.5548544535240162,0.5823715228894756
Mélenchon,2.7484595490040595,-0.4288576744044061,0.6967771134371815,-0.5759597426726903,-1.5080212674261257,-0.9054063548033559,0.3438023615979313,0.9294435844018419,0.4728782562573353,0.5517844173160393,0.4020762452423705,0.47678915092548513
Pécresse,-1.4284140777680645,1.1485443820111176,-0.5503551679744602,0.2970164924564243,-0.11115001397672479,0.9042858814610961,1.249605067429624,1.1279668935889051,1.0361680335351195,0.4108739941829506,0.49168725224588083,0.7067250435406828
Zemmour,0.7892298855673313,-0.6999759288879147,1.0897360083421272,-0.2713814908831935,-0.0201666337119903,-0.5490981839561281,0.4958639140220681,0.6918040623149871,0.7107253486378874,0.975045121522211,0.7776502507360287,0.8421579283708599
