choice:id,mean,mean,mean,mean,mean,mean,mean,sd,sd,sd,sd,sd,sd,sd
,BVA,Cluster17,Elabe,Harris Interactive,Ifop,Ipsos,Opinion Way,BVA,Cluster17,Elabe,Harris Interactive,Ifop,Ipsos,Opinion Way
Le Pen,0.485728126003507,-1.3112831325621115,-0.2277162150160951,0.6745444504214895,0.6658270196242717,-1.0370407704895195,0.6413827007669068,0.6307285259646456,0.8642625333996367,0.9639908811317409,0.736839280761572,1.0163766576921656,0.8319687245655935,0.8964914374999399
Macron,0.36960050698552244,-1.9105789804082736,0.14947046853824092,-0.11529585015820991,0.7512338757386378,1.0906689051584224,0.053267102127995514,1.4692427446465517,1.1583839522564494,2.3189069135206717,1.289269176632656,1.4512299069157373,1.6160330639293297,1.5677678763103422
Mélenchon,-0.36616769056411436,2.4449657651840146,-0.17616084784397276,0.481517187675829,-0.475552037779922,-0.8421656718195236,-0.9136757665290323,0.7774518828739556,0.3410209933952881,1.0160841414776904,0.6465261033920766,0.5892559740592261,0.9851732900929466,0.5956609879462069
Pécresse,-0.023938097934658335,-0.6721557854239053,0.30260330431876703,-0.4407165321754711,0.5096952277208543,-0.5036996660221803,0.8600077565238089,0.6065257181991162,0.9926611824383699,1.8043806427494369,1.2480508282838996,0.8198703126012641,1.2350223030956655,1.312734831440533
Zemmour,-0.5139123474525741,1.1436531080222363,-0.7840220931588643,0.8529958033120449,-0.012470632737154022,-0.017842893110311116,-0.8284885210361781,0.6445461576286389,0.643863325770671,0.8823069395150128,0.8559358497672167,1.2918641550798484,0.7372673225355643,1.0385835132722814
