choice:id,mean,mean,mean,mean,mean,mean,sd,sd,sd,sd,sd,sd
,Cluster17,Elabe,Harris Interactive,Ifop,Ipsos,Opinion Way,Cluster17,Elabe,Harris Interactive,Ifop,Ipsos,Opinion Way
Le Pen,-1.5135262458038192,0.06822844724117552,0.4807837306350652,0.8536431322942999,-0.39238566740614234,0.5331710965419815,0.8173455724267796,0.5829358828811994,0.7209249308048923,1.2553582489406065,0.8208289541820104,0.6328095671953
Macron,-2.024740902601487,0.14258927377066186,0.019686629203571875,0.7170430384652222,0.6317439468308983,0.2855037629402723,0.9329130922883886,1.1822032307953179,0.6288183434184373,0.7562878273152167,0.4864175963257989,0.6041361617744632
Mélenchon,2.7515798783145726,-0.40084323355644036,0.7193960492332765,-0.5414282949596995,-1.5916265795178308,-0.88142806178702,0.36356219056067096,0.9307950199998533,0.4664749573656583,0.5707475554038117,0.3916757002684419,0.49132161786344253
Pécresse,-1.3088180035878352,1.1477410313358025,-0.552847002916114,0.3107563669805084,-0.2909135323927252,0.9157644927348219,1.2668317065963937,1.1226314002576698,1.0352733824513096,0.41486244518549115,0.389805815732745,0.7373328379209823
Zemmour,0.9087240929206657,-0.6558691087116696,1.1262903394876405,-0.2607103004251563,-0.15031421603867656,-0.622391573572356,0.45272950591011746,0.6685629575168293,0.7031171438282506,0.9818919610892073,0.7909903058792402,0.8303848355664586
