choice:id,mean,mean,mean,mean,mean,mean,mean,mean,mean,sd,sd,sd,sd,sd,sd,sd,sd,sd
,BVA,Cluster17,Elabe,Harris Interactive,Ifop,Ipsos,Kantar Public,Odoxa,Opinion Way,BVA,Cluster17,Elabe,Harris Interactive,Ifop,Ipsos,Kantar Public,Odoxa,Opinion Way
Le Pen,0.6127818410536439,-2.1217615417038935,0.7082918537712094,1.4419299993429266,0.38483095602203465,-0.3749751537095833,0.3673139491134423,1.356920614274509,-0.5246494621164065,2.4939125777960136,1.425556457584013,2.193731270685911,2.9056637961381107,2.948178394921754,2.2732694842979306,1.6086825962185591,1.240609242290719,3.388164540946449
Macron,0.20164461549833382,-1.7684236197237087,0.5840422146927305,-0.35014108563763474,0.31708513783186465,0.28287220514990874,0.05275727234798566,-0.05405999646055599,-1.1660914292674973,1.4338253124504805,1.6547346143139443,2.1284254092722077,1.5198124619487154,1.4625010384837578,1.548620432715025,2.261051693753779,0.9731048038454371,4.833468446128882
Mélenchon,-0.4371691398704486,1.8842279515652094,-0.2058633739489033,1.0809726236409876,-0.5202755123490456,-0.27764881904857824,0.031601622061844026,-0.5340689824768151,-1.3920291268438931,1.3811158231199523,0.6175795193859943,1.354353082117144,1.2408095542159046,1.2596517024604919,1.5108365774632393,1.1322002513846299,0.9118201190361351,2.145746184225704
Pécresse,0.3393622832617441,-0.5942482695946865,-0.8072377233698816,-1.6187390701685354,0.227988713010876,-1.0294951947141928,-0.6403679077509321,-0.7554369930571249,1.0525657154578987,2.9203390294837113,3.2012643905179563,4.272337045051262,4.171684143621069,3.2686776258607697,2.5163356541228743,0.9007057298217342,4.710285589833367,3.4583666275915523
Zemmour,-1.0287910077147562,1.5855962273005766,-1.37207473797575,-1.489631567472897,0.1868766941123588,-0.8182126196073171,0.950137036858183,-0.007170831728282019,-1.116894008548524,3.6178104235994675,2.220603120263566,2.6153103294264444,4.603202110210436,2.3539672480312688,2.4411623903595103,1.4827225523373397,1.8981716494425216,2.7153018969937888
