choice:id,mean,mean,mean,mean,mean,mean,mean,sd,sd,sd,sd,sd,sd,sd
,BVA,Cluster17,Elabe,Harris Interactive,Ifop,Ipsos,Opinion Way,BVA,Cluster17,Elabe,Harris Interactive,Ifop,Ipsos,Opinion Way
Le Pen,0.5205476052055634,-1.2893196966929918,-0.19707323671082938,0.6985874656454302,0.6677326631733006,-1.10872777854,0.6371274171762951,0.6218352218786275,0.8693040799586491,0.9588387846792799,0.7514483126257757,1.0288170773449223,0.9358067477377965,0.9186076040680096
Macron,0.5300802800030918,-1.7962013397262564,0.29847436743736894,0.009777070109755037,0.7851705519138641,0.5448793955343438,0.04206316366111248,1.5348040746081935,1.2093688655245936,2.356416900771457,1.3256604159202845,1.3864956241553972,1.4370262366051163,1.5034086703862608
Mélenchon,-0.31603723331892325,2.484166264173945,-0.12816032117501291,0.5240737055585326,-0.4542773034222349,-1.1154421022791536,-0.9054721326672909,0.787430718238524,0.3310378330996841,1.025988444638179,0.642719641440974,0.5884596639045679,0.9694794671826372,0.5918111420303994
Pécresse,-0.16048095927460818,-0.770522922427078,0.17686086570163245,-0.5473606667715232,0.4799140983286595,-0.05997713003718519,0.9539397121595528,0.6827588271515154,0.993248188409193,1.8726679587365693,1.28693008109374,0.708125399240107,1.0456166826192572,1.0623571406750514
Zemmour,-0.5524301904660857,1.1188856512292031,-0.8190693465846088,0.8255198340295645,-0.017516815343782084,0.07630794295170307,-0.7599423135306116,0.6337157770505324,0.6297903066420732,0.8899803266285703,0.8670056995198341,1.3087478335450469,0.816068645540309,0.9960975874486162
