choice:id,mean,mean,mean,mean,mean,mean,sd,sd,sd,sd,sd,sd
,Cluster17,Elabe,Harris Interactive,Ifop,Ipsos,Opinion Way,Cluster17,Elabe,Harris Interactive,Ifop,Ipsos,Opinion Way
Le Pen,-1.4714268141132818,0.13256696397754303,0.5311961885098552,0.931162903476844,-0.7475935588158051,0.6459403219242175,0.8080482483087136,0.6116748661397038,0.7188593866489236,1.2808682634041952,1.0583428701553952,0.636406935719211
Macron,-1.9944323247567408,0.1872116778399139,0.055279015280648124,0.7694289479553174,0.4871066489849518,0.2855085982982203,0.9358189645962802,1.1932707594568108,0.6298955279978872,0.7410712195318301,0.5490775841623595,0.5805278448364781
Mélenchon,2.7347756526350757,-0.42570013065471135,0.6996742476130827,-0.5701078220529123,-1.505038391610984,-0.8950989604825745,0.3611642548391146,0.9296208209217645,0.4723078877708686,0.5654434502696289,0.4026383244511195,0.48317657408905385
Pécresse,-1.3189148235631214,1.1300848209201675,-0.5659685788294914,0.2886955551286488,-0.12823360875232873,0.8790468697647406,1.2740524102263837,1.133274475297467,1.0367256695404359,0.4211056243137616,0.48514711895406515,0.71768845620801
Zemmour,0.8759734104764341,-0.7040999778786936,1.087507435400465,-0.31846181992890593,-0.023298080369406192,-0.5888220267753832,0.45434848055434945,0.6948061121713746,0.7122119077169555,0.9783162205021015,0.7754094730186759,0.8271108402751604
