choice:id,mean,mean,mean,mean,mean,mean,mean,mean,sd,sd,sd,sd,sd,sd,sd,sd
,BVA,Cluster17,Elabe,Harris Interactive,Ifop,Ipsos,Kantar Public,Opinion Way,BVA,Cluster17,Elabe,Harris Interactive,Ifop,Ipsos,Kantar Public,Opinion Way
Le Pen,0.14433675228898543,-1.6303017145615726,0.1423734641775269,0.6801884889289116,0.4353352163830961,-0.7730351852975833,0.8824083611861893,0.2260856082068954,0.8821231440262856,0.9349775927729008,1.705204609548309,1.103744403952446,1.249057539736846,1.5051191507238275,1.81878588427719,1.0504604326919993
Macron,-0.036116501197861695,-1.8921654678203967,-0.048252082713518024,-0.33860339115366456,0.1657048359878538,0.5519223114973822,-0.055704066761263604,-0.3533974051707979,1.4145603775245412,1.4631743135206066,2.0914202857656594,1.4218049232500418,1.322668136664169,1.5740685456272456,2.288091211511172,1.455574222180764
Mélenchon,-0.47992761971027953,1.8132469497828068,-0.10290261588116109,0.2555475853998156,-0.7184794013714996,-0.23205735838311248,0.23316825742612446,-1.1410890506823932,1.1066190681657722,0.5577864711356046,1.2876632733569804,1.0058086943963922,1.0339574137802607,1.5368201792882958,1.2802469282045394,1.071038606242664
Pécresse,0.35244287954899606,-0.03851676292234144,0.36999845911324214,0.062303111812219814,1.002476280195885,-0.6178164151569457,-0.9937893671038078,1.3623931951447872,0.99822659060415,0.9496347347988592,1.9287499870688494,1.2463473180017188,1.075188234736881,1.163065367465285,1.0075270880952794,1.3975576324288401
Zemmour,-0.30314673181099605,1.0520071544128593,-0.9128296107080679,0.4524364887079716,0.1995050164746461,-0.3009700287565769,0.6126770342417331,-0.7669278323304144,0.9720854341987434,0.8919011668873007,0.965592837879037,1.3054782589207792,1.2390589872161213,0.9224644339641808,1.5634903193189396,1.0555139860103646
