choice:id,mean,mean,mean,mean,mean,mean,mean,mean,mean,sd,sd,sd,sd,sd,sd,sd,sd,sd
,BVA,Cluster17,Elabe,Harris Interactive,Ifop,Ipsos,Kantar Public,Odoxa,Opinion Way,BVA,Cluster17,Elabe,Harris Interactive,Ifop,Ipsos,Kantar Public,Odoxa,Opinion Way
Le Pen,0.733785452499426,-2.117763493047601,0.3236461632316453,0.14368992765967822,0.27579371443796874,-1.2207507243469469,0.38791775237047244,1.4532146524075948,-0.028605940761346527,2.5724083932587014,0.9015103046583118,1.989147038739596,1.6121843790296262,1.389321863687956,2.3809230731401594,1.6386911092319758,1.2606803669812625,1.0943636962252616
Macron,-0.00583954395380933,-1.7304624989132216,0.1647377801798935,-0.6123411728296877,0.20989238423642842,0.44333649272188125,0.02123651088744616,-0.18408179396923857,-0.3592078600250658,1.4564738260366692,1.6317585593869262,2.0853991309377062,1.352719191325069,1.3789968298193829,1.5584434931118407,2.2644706740714406,1.1410377827500657,1.447037276744011
Mélenchon,-0.4087832786076098,1.743382508402813,-0.23822494175025943,0.34333968296278505,-0.6715040559302642,-0.09957201942523246,0.025560241180112353,-0.29344613803045616,-1.1201370243276736,1.4454032478595216,0.5763252749776321,1.3996931854247487,1.048147203589484,1.1799803079256839,1.5764182845482508,1.1377386212365301,0.9412296524347461,1.1297175724441173
Pécresse,-0.17440145776119978,-0.46370897296719915,-0.8528335776190064,-0.32694094083198144,0.9544524517012838,-0.34892219031553134,-0.6634243821225403,-1.4556857713568245,1.5109509571557451,2.9643677922085065,3.1807104418964536,4.169326944731375,2.764546718042187,2.2000223614536765,1.3172625792618182,0.896658366075593,4.311242001356137,1.838214878312611
Zemmour,-1.3152595424130886,1.5915915945010617,-0.5360068181578148,1.0327529093332684,0.3569664120975072,0.11003091206577685,0.8992816785155506,-0.7915948184401866,-0.6299813874117499,3.7454769801214214,1.328352744230648,1.1394458473837628,1.8558056358647745,1.3782782902222082,2.199188644400908,1.4854476618005106,1.437325342786265,1.0136910673538484
