choice:id,mean,mean,mean,mean,mean,mean,sd,sd,sd,sd,sd,sd
,Cluster17,Elabe,Harris Interactive,Ifop,Ipsos,Opinion Way,Cluster17,Elabe,Harris Interactive,Ifop,Ipsos,Opinion Way
Le Pen,-1.4097046877410726,0.11487406054759645,0.5159499253813965,0.9412749251805913,-0.7645430654387237,0.6306062840706476,0.7925784158414847,0.6101893579432741,0.7186920292962777,1.1818004722918367,1.0637426856483203,0.6259884911106774
Macron,-1.914565532207976,0.17290250074266708,0.045262266495706784,0.7800341556064007,0.47541790802148964,0.25456736191308443,0.9161331370617632,1.1878103606318775,0.630857209722383,0.6910414306723824,0.5575680101470258,0.5847986106132748
Mélenchon,2.741043522174125,-0.43660534436519605,0.6898683648966057,-0.5280325094280128,-1.5153631545143231,-0.9139200442948111,0.34345114828203016,0.9292546377784832,0.4733012518370917,0.5368146104788843,0.4004874357890778,0.47575266724155196
Pécresse,-1.413327553384384,1.1644753851852303,-0.5363418923913754,0.20524975460062764,-0.09613430753454147,0.9215810787977736,1.247055991631523,1.1244361610599867,1.0357695434835992,0.4858682326016782,0.496231136228112,0.7065588047594004
Zemmour,0.9628404266430941,-0.7538243563555345,1.0458832289337676,-0.1979904774047562,-0.06766665884321625,-0.6151592793766847,0.5544489302240897,0.7183100627747949,0.7205312261797338,1.0026135707703587,0.7706915186980439,0.8143002486925565
