choice:id,mean,mean,mean,mean,mean,mean,mean,sd,sd,sd,sd,sd,sd,sd
,BVA,Cluster17,Elabe,Harris Interactive,Ifop,Ipsos,Opinion Way,BVA,Cluster17,Elabe,Harris Interactive,Ifop,Ipsos,Opinion Way
Le Pen,0.46859843462862827,-1.5490078973357828,0.21478134043459335,0.7342491340127045,0.4679151360619632,-0.5797251982254171,0.4006320818306331,0.986276127879292,0.7731640111881105,1.6337079403910815,0.9099433548838277,1.109499410248114,1.4791191581627114,0.950549031625891
Macron,0.07445152414871607,-1.7912128275056098,0.03921485492851673,-0.1057243205074073,0.34376931182261516,0.719854145239506,-0.23014471371864978,1.3641144191964056,1.4144697247767277,2.1137928489745743,1.3664753599176154,1.3352472094299785,1.5551316574301044,1.4314063260238152
Mélenchon,-0.2068842898985192,1.979458661562898,0.06453512456234924,0.3257427307286746,-0.7078792435920852,-0.1641169966047333,-0.9826920625473067,1.178396432163286,0.5147343284178412,1.3167267180432591,0.7655001540421608,0.7957724651261465,1.4779296716180266,1.0624023191095944
Pécresse,-0.05366087202988137,-0.40776888055316596,0.1604713572774834,-0.2889334442990529,0.8130977727092451,-0.8385178491854351,1.1045420489609346,0.9605073543597746,0.9744896506391991,1.7621049814356524,1.1990614621615558,0.87028492059543,1.053224967915509,1.2755654223585562
Zemmour,-0.33742004545195864,1.202318688562569,-0.8336899468789208,0.6307019284152825,0.3381831090123964,-0.3210255899962106,-0.7274561129932154,1.0130363143856942,0.8670866286734528,0.9898775173978916,1.2714696380850838,1.2272423298581225,0.9715424807009144,1.1124025633140968
