choice:id,mean,mean,mean,mean,mean,mean,mean,sd,sd,sd,sd,sd,sd,sd
,BVA,Cluster17,Elabe,Harris Interactive,Ifop,Ipsos,Opinion Way,BVA,Cluster17,Elabe,Harris Interactive,Ifop,Ipsos,Opinion Way
Le Pen,0.4213088186592513,-1.3307238953506804,0.023185034977786678,0.7233942232137859,0.5775372221004688,-1.063180803437204,0.5427363138234672,0.6546019213720422,0.8189094799381653,1.2823084947949692,0.8333970410475648,0.9957694882666717,0.8108409925244501,0.8861516201588621
Macron,0.2591565587309792,-1.8006096968743348,0.038522856678074646,-0.21168607988241617,0.4297451313640756,1.2875085926204057,-0.1890338653844287,1.4163035284444379,1.398220426921105,2.2444675102901397,1.3477679401209675,1.3445090089229108,1.4254190020240292,1.46858940402921
Mélenchon,-0.4043135017834991,2.253126781811647,0.06999278755354688,0.39587030528053313,-0.5549800763688616,-0.6354118313789248,-0.9511243867714652,0.8065388725264939,0.3950786847745666,1.331076350990974,0.6906918673093437,0.7343115174643874,0.9799419888399671,0.8327001391985773
Pécresse,-0.010156639857069605,-0.5840142037769158,0.27753913441932115,-0.30317969998945327,0.636187512544717,-0.7563848635232628,1.026033527704621,0.9034426404431056,1.0078620281520803,1.7046534292692923,1.2060821060829883,0.9308690615450184,1.1752185910152695,1.2647467385654299
Zemmour,-0.22412941358483085,1.0579373680215733,-0.8973816121307485,0.7944329669825643,0.2082177278685427,-0.31603513536332817,-0.7901439771465238,0.6944419383036979,0.9067640165703749,1.0464674662174396,1.086073525176315,1.2257381132828122,1.0680031098865872,1.1379074431362481
