choice:id,mean,mean,mean,mean,mean,mean,mean,sd,sd,sd,sd,sd,sd,sd
,BVA,Cluster17,Elabe,Harris Interactive,Ifop,Ipsos,Opinion Way,BVA,Cluster17,Elabe,Harris Interactive,Ifop,Ipsos,Opinion Way
Le Pen,0.503703360762124,-1.3224992281726262,-0.16020200362444406,0.7816952837900887,0.6042262402219593,-1.1140218808232072,0.5679862056182289,0.6522893261047958,0.8361749807419133,1.0138317761984024,0.8693886972778948,1.001184294532852,0.7543325465888979,0.87932466477007
Macron,0.3586330880468602,-1.8311969440144795,0.20340735411594935,-0.12085749011792182,0.5246431631751904,1.1235242207603962,-0.16343431247020615,1.4198992496061724,1.3889006328907214,2.3323188712233054,1.3490666626117822,1.3722285073672278,1.5002742674018015,1.4966015012877318
Mélenchon,-0.27694923831882434,2.3461440660305937,-0.05970545169421629,0.49223391314097675,-0.5812781367428257,-0.8123176727087051,-0.9844955618186718,0.868711300723288,0.3653192350552735,1.1622296953391433,0.708502706643038,0.5674116397863682,0.8969939567708735,0.6322603299431493
Pécresse,-0.15882760046033795,-0.6313628602965758,0.3493745482348652,-0.42220206184829906,0.6651740502946176,-0.5948239901498439,0.9885276470394256,0.9724886368102617,1.0217664364817383,1.6843721485585166,1.239428035213443,0.788253474493995,1.1639972901548767,1.2833117120347275
Zemmour,-0.34789442286089,1.0596246269028038,-0.8470004893508776,0.7036210913982612,0.11118716411776719,-0.037466774717069766,-0.7376852159632523,0.6468270511051614,0.8799889138585668,0.9761660846121019,1.1300927256650817,1.2683410096446637,0.7624290418772596,1.0008803441162875
