choice:id,mean,mean,mean,mean,mean,mean,mean,sd,sd,sd,sd,sd,sd,sd
,BVA,Cluster17,Elabe,Harris Interactive,Ifop,Ipsos,Opinion Way,BVA,Cluster17,Elabe,Harris Interactive,Ifop,Ipsos,Opinion Way
Le Pen,0.4255837601085059,-1.4345246768427875,-0.10614618657492929,0.7308991320043672,0.6178170575170194,-0.7688883222677526,0.5183874549061763,0.7227261556100518,0.8001851522613851,1.2346859267836705,0.838618325614677,1.1295003322149375,1.1220567630176985,0.9673555619913484
Macron,0.18146024013956344,-1.83753094767599,0.0012337839894935125,-0.14135125085717629,0.3576221392773068,1.0852133249733744,-0.243065368494052,1.363071826367971,1.4159419039700212,2.2587189556956884,1.3771516445913363,1.3215775566748498,1.3496518269149258,1.448068469727643
Mélenchon,-0.28514383172286134,2.1270286205750364,-0.08224277215659963,0.36240044263115784,-0.5627464031463021,-0.3704534916798777,-0.9612325893120998,1.0248531491280386,0.45258541595617,1.2469080492815465,0.7158512206741732,0.8373904037532508,1.2443267318617073,0.9419761731640962
Pécresse,-0.03635417388552891,-0.47269864019733515,0.40681412254764543,-0.3108545057373976,0.6794993160335615,-0.9015680353409797,1.068807979354759,0.9172222350641623,0.9937175010772586,1.654421472427837,1.2153794494380663,0.9226954232120661,1.1089488842705968,1.2496887519384268
Zemmour,-0.24233350260433756,1.155401638539491,-0.7753949604250292,0.7198183379641895,0.23800100047623188,-0.4310283493911766,-0.7819545473059598,0.794229462963276,0.8876563343507764,0.992869858485355,1.1650873068646586,1.2341517796522476,1.0316980411337946,1.1554441141136307
