choice:id,mean,mean,mean,mean,mean,mean,mean,sd,sd,sd,sd,sd,sd,sd
,BVA,Cluster17,Elabe,Harris Interactive,Ifop,Ipsos,Opinion Way,BVA,Cluster17,Elabe,Harris Interactive,Ifop,Ipsos,Opinion Way
Le Pen,0.39008178575657215,-1.3574913095693797,-0.010340846223243716,0.8112967761977232,0.545545113582768,-0.9891843516030395,0.5334456986452999,0.6568542296893753,0.8125834783668704,1.268398019514644,0.8864210514459661,0.9925142328216922,0.9433199713559797,0.906957401887918
Macron,0.23013714984971845,-1.8263554284603065,0.007603911221954067,-0.12907814193414424,0.39917198019855826,1.2479534993165036,-0.22178301968463182,1.4083249548984558,1.3863589406506507,2.241086429237502,1.349851942622938,1.3414999746587684,1.3750031676709011,1.4556519520991944
Mélenchon,-0.4339218860989409,2.2272197399085782,0.038254139432454703,0.4667162661280027,-0.5853508926875323,-0.6385153418988145,-0.953508407133094,0.791902065693279,0.40686675039041487,1.3097844469355275,0.7415245479495407,0.7214552609207189,0.9494128122788685,0.8611485966742731
Pécresse,0.027983821758639005,-0.5501987310450446,0.3182260727370183,-0.3915911613593937,0.6759227656171777,-0.7908440573730495,1.0573578801809767,0.8844952602484578,1.001062175907461,1.683520643639018,1.2300993806694367,0.9131186104884031,1.1827166303871006,1.2467396502903854
Zemmour,-0.18726443481658483,1.0893779997288995,-0.8578518492224586,0.650366781641947,0.2456156384535667,-0.3240628833045225,-0.7812057471191673,0.7101728731488204,0.8971529823973671,1.0255279954757612,1.202125574814781,1.226080037890626,1.0576054038630098,1.1544342750839067
