choice:id,mean,mean,mean,mean,mean,mean,sd,sd,sd,sd,sd,sd
,Cluster17,Elabe,Harris Interactive,Ifop,Ipsos,Opinion Way,Cluster17,Elabe,Harris Interactive,Ifop,Ipsos,Opinion Way
Le Pen,-1.394320310831228,-0.013032005393686616,0.5584618483127537,0.9683563771331295,-0.7501236524838599,0.6573496338818612,0.7936297112326055,0.6515634117211476,0.6763814045284261,1.1890381171007884,1.05407109227538,0.6202496819581249
Macron,-1.932912694433438,0.41885901567297107,-0.008113178039175217,0.7534190071470218,0.4574026836187244,0.18629522913611332,0.9123362331845281,1.2342681881030586,0.5951049001210428,0.6932333258271021,0.5602607349560444,0.6336121653785967
Mélenchon,2.7456382216442483,-0.37944180310921727,0.5918099180803806,-0.5211409211461119,-1.51143871282765,-0.9140622999036168,0.3436029691872736,0.8573013182206964,0.5173488607010249,0.5382969896697749,0.4033001481539668,0.47161849107042175
Pécresse,-1.3614036174622852,0.8892346424022165,-0.5221617771408775,0.27693059610863124,-0.04648872992617541,0.9658159742140877,1.2291776275510715,1.2485793996766388,0.9746911574509618,0.46942243856561366,0.5123412118269239,0.7099139426657918
Zemmour,0.9471981771797968,-0.7490644166440932,1.0126524632253453,-0.2266190953323363,-0.08251539570807367,-0.5801896150021113,0.5467828681422242,0.6701179809227445,0.6823874596859446,0.9961479091014237,0.7669483248765363,0.8585729911239497
