choice:id,mean,mean,mean,mean,mean,mean,mean,sd,sd,sd,sd,sd,sd,sd
,BVA,Cluster17,Elabe,Harris Interactive,Ifop,Ipsos,Opinion Way,BVA,Cluster17,Elabe,Harris Interactive,Ifop,Ipsos,Opinion Way
Le Pen,0.43931141963019826,-1.340974169984038,-0.13404805306204182,0.8023877987766166,0.6293570417649673,-1.093297626413084,0.6028324226626864,0.6443964567787507,0.8600473615501633,1.0186212180006577,0.8857799434688765,1.003881899741682,0.7758673958599823,0.8910896770650695
Macron,0.22330585563133706,-2.016578768759431,0.3088822209966967,-0.0345121202064745,0.6285734448721758,1.2721190118227013,-0.06551637422636716,1.4091209492246028,1.1135693508009734,2.372153753039178,1.3845678432284774,1.4057881348985495,1.6345753833167946,1.5332150117564907
Mélenchon,-0.43294916083623647,2.3968012626953485,-0.008601959066225103,0.5350962833331976,-0.5302182624284599,-0.8203388132633744,-0.9576461561702704,0.7496187950695903,0.3599239673503007,1.1896200942916475,0.7188376446641304,0.5790789765283236,0.9188553988223646,0.602359539172388
Pécresse,0.07048075006543161,-0.5997364259740922,0.24651336802161825,-0.5069735482069386,0.563803900441845,-0.6333149137883124,0.8955709283734067,0.5646334747755047,0.992392861283548,1.7434897233747908,1.2808157967418168,0.842579570205443,1.2274640861493067,1.3397503973480804
Zemmour,-0.42910152038944843,1.1989375845666839,-0.8900268887243616,0.6711776827126068,0.0708536198295651,-0.10149053562145428,-0.7671966857849681,0.6662763957185758,0.6720128715523698,1.002375945884539,1.1574653805411128,1.2709698231369935,0.8126938951378686,1.0160373306932804
