choice:id,mean,mean,mean,mean,mean,mean,mean,sd,sd,sd,sd,sd,sd,sd
,BVA,Cluster17,Elabe,Harris Interactive,Ifop,Ipsos,Opinion Way,BVA,Cluster17,Elabe,Harris Interactive,Ifop,Ipsos,Opinion Way
Le Pen,0.48251459138859554,-1.338104778811053,-0.17992272108366303,0.7653366376318795,0.6025158573687114,-1.0432018317131573,0.5602289606794381,0.652545589465985,0.8329139511224999,1.0124792003747494,0.862351531456744,0.9808602662445449,0.7636498308123768,0.8625109453325261
Macron,0.29343900117543154,-1.886282078378805,0.13906489091647212,-0.17883857000493847,0.479470250061797,1.316149114728021,-0.17722731751228613,1.4149011886732876,1.3783100437201155,2.3295824153060027,1.3468753961426403,1.351054112330693,1.4660108995880705,1.4809022095339024
Mélenchon,-0.3373405089351251,2.2999387601770223,-0.11480859995446334,0.44483890276974647,-0.5239001523310396,-0.6123903336455969,-0.9803335819632364,0.8437894596785164,0.3829917306587585,1.1392703920551068,0.7028291984046301,0.7240937445185008,1.0010770574553542,0.6887240826370093
Pécresse,-0.08686451546136298,-0.573043046528765,0.4175013883725338,-0.36196297568338226,0.6011353122293813,-0.7648311291845707,0.9954383796058421,0.9461891409873905,1.0160013813939448,1.661008110593735,1.2279474097230236,0.928670657501287,1.1811885863610057,1.2892175647254736
Zemmour,-0.2870767184076919,1.1034763568765504,-0.7913531579495835,0.7497120166269527,0.15414943565497008,-0.33525339019369027,-0.7625904050435379,0.6692943223646526,0.8785440931760723,0.9607114139449834,1.1115117314509562,1.2371252501396326,1.0810888367596627,1.065559986606876
