choice:id,mean,mean,mean,mean,mean,mean,mean,mean,mean,sd,sd,sd,sd,sd,sd,sd,sd,sd
,BVA,Cluster17,Elabe,Harris Interactive,Ifop,Ipsos,Kantar Public,Odoxa,Opinion Way,BVA,Cluster17,Elabe,Harris Interactive,Ifop,Ipsos,Kantar Public,Odoxa,Opinion Way
Le Pen,0.6367154937109485,-2.105278897369098,0.7285473838876757,1.4518674864060355,0.4052163825294253,-0.6549797799974463,0.4068945940976203,1.375490073275682,-0.5208494857196241,2.495625436674572,1.4296731279973738,2.201080661408272,2.9062933922762677,2.952132412664456,2.770829273848897,1.6302629306265102,1.2614943714103388,3.4018317949663746
Macron,0.19989460783848317,-1.7694345375726135,0.5825475144989368,-0.3507633425613569,0.31580731321210787,0.27976450410123394,0.0494067375318874,-0.055549597862407395,-1.1556504299382193,1.434491113027684,1.6539610665747773,2.128655055956231,1.5196020779324928,1.4626009329217116,1.5492307026529897,2.2624818902440906,0.9719528792157922,4.853481911295405
Mélenchon,-0.43358582576678206,1.8866134265609324,-0.20285265130587468,1.0824362653445792,-0.5173529854121932,-0.2722744943222709,0.03771345714022001,-0.5311883295974196,-1.423375200601144,1.3849078201947653,0.6166878723487242,1.3571505754359703,1.2413133364690603,1.2616880348508355,1.514786162884634,1.1352535228857226,0.9155104758272071,2.1260731870053595
Pécresse,0.3370765075235834,-0.5957825284230206,-0.8091422868407815,-1.619658975065301,0.22609892885789346,-1.0328648504280795,-0.6442504840829506,-0.7572274457026464,1.068849105770387,2.9209380493423502,3.2009646657852318,4.272403113123194,4.171486181737489,3.268614440313765,2.516250359370359,0.9027745273359086,4.710773189486366,3.469097135876615
Zemmour,-1.0516647030174229,1.569850842589562,-1.3914439726188759,-1.4991250379056065,0.16737153308834535,-0.5366057334482178,0.912301301987529,-0.024931473821591204,-1.1337536153351315,3.6148147226839886,2.2236317267634744,2.614519525452168,4.601227340923471,2.3557672425971505,3.0700091726184318,1.4940198022358486,1.9163299750881757,2.7265376154262717
