choice:id,mean,mean,mean,mean,mean,mean,mean,sd,sd,sd,sd,sd,sd,sd
,BVA,Cluster17,Elabe,Harris Interactive,Ifop,Ipsos,Opinion Way,BVA,Cluster17,Elabe,Harris Interactive,Ifop,Ipsos,Opinion Way
Le Pen,0.516632002513024,-1.3491435900174649,-0.1489849537283283,0.7907989775520694,0.6153679933532746,-1.1179677268992665,0.5863369583371472,0.6528843705608541,0.8594606227422823,1.015110583586054,0.8754053676257725,1.0023258582621086,0.7773223984581668,0.8859079249283007
Macron,0.43106127405311856,-2.0452742689791945,0.2666348655900715,-0.0700553930237444,0.5862448293776588,1.2179375073507548,-0.1105743112746085,1.458793319186533,1.1043394639641197,2.3595712368831077,1.3723427597901763,1.3952831979527547,1.6080886287494482,1.5235148679129211
Mélenchon,-0.2521698570585478,2.3781225050633092,-0.03738344440866987,0.5113163527907045,-0.5586515810045881,-0.8598659706041452,-0.9886169197865081,0.8801797972017998,0.36828880945415937,1.1725639848955571,0.7117143039797968,0.5717247532413968,0.8984956853586914,0.5927733341803696
Pécresse,-0.21910019258007551,-0.5680326370889621,0.29640484217751834,-0.4659571216420722,0.612674391743438,-0.5614419075932814,0.9497001078210906,1.0135726188022698,0.9938791381570454,1.7135194562091596,1.2593422955335496,0.8146798313600032,1.1827165638280686,1.3098996979135187
Zemmour,-0.39460426100580603,1.2010936661834035,-0.8855514372454579,0.6744496582852804,0.07509375297749697,-0.09539887967060655,-0.7625149944682801,0.6308165498410419,0.6742424536349799,1.0006264934504867,1.1551770975300417,1.2717321690531314,0.8112695396812216,1.0150227274078372
