choice:id,mean,mean,mean,mean,mean,mean,mean,sd,sd,sd,sd,sd,sd,sd
,BVA,Cluster17,Elabe,Harris Interactive,Ifop,Ipsos,Opinion Way,BVA,Cluster17,Elabe,Harris Interactive,Ifop,Ipsos,Opinion Way
Le Pen,0.7531818767286858,-1.2794293455591053,-0.09688577492431483,0.600588566400581,0.5826030803079324,-0.9617439530093629,0.3701385827449608,0.5314341403908944,0.8963749584310066,0.9303975703123751,0.6802027058834026,1.0741818380730253,1.0028107322245094,0.8331588914595944
Macron,0.08736709211250329,-1.7692084984409766,0.2469289541233861,0.2212921250695155,0.8656016292232586,0.2981043131159744,0.05464011410302682,0.4487710810051858,0.9427099295117584,1.0885962174949932,0.9214902868788823,0.7660660964263042,0.5891784823436184,0.6590837259246566
Mélenchon,-0.492655463286615,2.713759252035565,-0.2832678830579052,0.7017595622605753,-0.22850721678730204,-1.5104226177230882,-0.7153894018610472,0.5271050497871431,0.32112240606474435,0.7988436030779028,0.6926332513373694,0.7123417469687934,0.36079813801490884,0.6938458569420562
Pécresse,-0.19812181215727448,-1.0645531540100615,0.3997789704213257,-0.7098784958301927,0.3029235519518928,0.2141040732555449,0.9273977626471983,0.7099909915069963,1.1077186846035427,1.806195394239296,1.2965139572256732,0.6157115517754422,0.5530340474037948,0.901777531938814
Zemmour,-0.5611452801858394,0.9980248671490919,-0.797468800101405,0.9257244049370903,0.22154828314652855,0.0023321431467773954,-0.4627222010978576,0.6809172596331046,0.5445818773733275,0.6602479143393357,0.6558621650775421,1.1862199230493657,0.753278338878421,0.801162779422751
