choice:id,mean,mean,mean,mean,mean,mean,mean,sd,sd,sd,sd,sd,sd,sd
,BVA,Cluster17,Elabe,Harris Interactive,Ifop,Ipsos,Opinion Way,BVA,Cluster17,Elabe,Harris Interactive,Ifop,Ipsos,Opinion Way
Le Pen,0.6578517375070732,-1.3708637143634903,-0.16307824856368627,0.4889549313931497,0.813247211697747,-0.9702060925943817,0.45363389333848364,0.5542883332170144,0.8949341183514373,0.6382490182753262,0.6742404010083338,1.1057090676144967,1.0111245462444471,0.6896246797329444
Macron,0.21009456287053574,-1.8968978164552819,0.3858518768524579,0.04056411313542401,0.7703536405674491,0.3065609039894313,0.06524929463660183,0.4314220078663855,0.8822247175945204,1.2245384487617963,0.6003338965195656,0.6687513682956316,0.5861576396872639,0.6949231196403407
Mélenchon,-0.4962144646646971,2.8020995498277967,-0.3339053807698482,0.6098636026809948,-0.38762016507424335,-1.3975210659972515,-0.8308779589218912,0.46704092533963953,0.3332330241869058,0.8515555596248269,0.5046330016691042,0.5836336213419095,0.39113952285232384,0.48948029545109756
Pécresse,-0.14580221058576104,-1.219902908611901,0.97642951474488,-0.5708984648032843,0.2621080120748908,-0.0039314570666855175,0.9728592660374056,0.5550455458439214,1.171549593015049,1.2075134034141373,0.9845896985049157,0.5157700209697607,0.4939968103186661,0.6930871119027586
Zemmour,-0.6600687788985984,1.0402261483094568,-0.7128196701480304,1.0332952762950585,-0.07555233763715129,0.12639896338385834,-0.4410980375823765,0.597304607224062,0.512893564669538,0.7082558297523842,0.6749399899403097,1.002800487772607,0.764509637691504,0.8435907574619136
