choice:id,mean,mean,mean,mean,mean,mean,sd,sd,sd,sd,sd,sd
,Cluster17,Elabe,Harris Interactive,Ifop,Ipsos,Opinion Way,Cluster17,Elabe,Harris Interactive,Ifop,Ipsos,Opinion Way
Le Pen,-1.3897634330406068,-0.007378679737774618,0.5344449796495879,0.974608037110437,-0.7459059392213998,0.6633675397228828,0.7934435820608984,0.6519963935358427,0.7178440061790907,1.1900096761184633,1.0527785534836351,0.6208984896719258
Macron,-1.9391294929191456,0.4104341622790546,0.02137797582059875,0.7435747605141719,0.4515912563236405,0.17714454583689995,0.9109233751895485,1.2313158137303806,0.6268452137389432,0.6942371812158152,0.5619555717475847,0.6364675354294794
Mélenchon,2.735869628202622,-0.3934979453211603,0.6848333435762906,-0.5355379438382167,-1.5210004918488003,-0.9273216986775561,0.34253765065950303,0.8560102232187341,0.47417391859760893,0.5355857197309606,0.3994731121918055,0.46911723048828613
Pécresse,-1.3718030593391901,0.8760966487836569,-0.49689474772342174,0.2625644227846069,-0.05630611313043339,0.9521661054103101,1.2329998695873552,1.2550690127818567,1.0362721460848945,0.47284818711699433,0.5086223459436744,0.7099432052025855
Zemmour,0.9477513308899509,-0.7462565087548544,1.0322707367341535,-0.22363808621600975,-0.08172379771622822,-0.5780562832973963,0.5485963850260357,0.6683459251815995,0.7254363631252091,0.9975740285820985,0.7685697245642354,0.8615662896898223
