choice:id,mean,mean,mean,mean,mean,mean,mean,sd,sd,sd,sd,sd,sd,sd
,BVA,Cluster17,Elabe,Harris Interactive,Ifop,Ipsos,Opinion Way,BVA,Cluster17,Elabe,Harris Interactive,Ifop,Ipsos,Opinion Way
Le Pen,0.512085196538882,-1.3524984325848237,-0.15347031402370995,0.7868962641384696,0.6105233055983779,-1.1016693219673006,0.5756981483706453,0.6532632816577807,0.8586385897285798,1.015287842800808,0.8740607633858577,1.002352669615797,0.7539677330525737,0.8811972857263012
Macron,0.42305368880903904,-2.055730527950966,0.256856353324164,-0.07992515067033396,0.5750004898426172,1.2145482220320651,-0.10341441563665155,1.4663055194897314,1.1063713143627543,2.3644954806647407,1.3777068257919984,1.4018404627844785,1.5571647990427888,1.527170316014125
Mélenchon,-0.26698101493810733,2.36699684564635,-0.051471375616441085,0.4985767933696176,-0.573506968871112,-0.7982075861841244,-0.9752260781461515,0.8767462608085435,0.3714041439155609,1.1691250623723188,0.71170437294928,0.5697166189644591,0.9050743960108276,0.6365195219170635
Pécresse,-0.19800645902981984,-0.5504394587689233,0.31731729559841554,-0.44662872051371205,0.6352634387685144,-0.6510437338099626,0.9523679385582398,1.0104057124353014,0.9932936004571455,1.7080171929749577,1.2574941746879267,0.8132065175467292,1.2038207884105774,1.3113462815626333
Zemmour,-0.3897578419028549,1.2047495757842699,-0.8806635455928188,0.6786277853523005,0.08018123969461044,-0.09923441593395069,-0.7760732250208205,0.632827571258581,0.6761154468735269,1.0004731064026147,1.1544661281395023,1.2727938216102404,0.7828070033198999,1.0216514473206242
