choice:id,mean,mean,mean,mean,mean,mean,mean,sd,sd,sd,sd,sd,sd,sd
,BVA,Cluster17,Elabe,Harris Interactive,Ifop,Ipsos,Opinion Way,BVA,Cluster17,Elabe,Harris Interactive,Ifop,Ipsos,Opinion Way
Le Pen,0.5337767812571824,-1.2235383420446777,-0.04229947274255726,0.5877466899723778,0.5644342943288342,-0.9700197741665851,0.56675993345083,0.6694850542953825,0.882154168990811,0.8984434599793822,0.6755011213941137,1.0368456950793967,1.0037736155680077,0.9522898264454087
Macron,0.6318340051987695,-1.67658370592091,0.09382950486169032,0.07322431077435741,0.8721915533820226,0.22126724492991676,0.08364002883691167,1.5455035419419991,1.0739746590969326,1.0275913681588429,0.8402573677866427,0.9317316187766074,0.6230468684447512,0.9039787171522449
Mélenchon,-0.3510408391731046,2.660392831763378,-0.12754519271243778,0.6278734967542184,-0.27365176978906647,-1.5552445733246405,-0.7276955259250213,0.6625150292960299,0.3037679601409161,0.9775658373199532,0.6708255080446598,0.676783865155069,0.3531496587340576,0.6600315913179517
Pécresse,-0.29925694782341683,-1.0459271342616594,0.19446688571294896,-0.5967460085770244,0.3347158997770336,0.28806430212742384,0.910859963428879,0.754046422149229,1.0710335253008159,1.8749931269406466,1.2454373831410894,0.6453693363404993,0.5743217695481809,0.9103662860802039
Zemmour,-0.6362700915793799,1.081834701254968,-0.7038891897869336,0.941139538914786,0.10225924165967593,0.00326372708641672,-0.6372188066778542,0.6648157933530855,0.5920634338459938,0.6641988392845892,0.6556307961802967,1.2577518484529244,0.7579412155373002,0.9034995293741964
