choice:id,mean,mean,mean,mean,mean,mean,mean,sd,sd,sd,sd,sd,sd,sd
,BVA,Cluster17,Elabe,Harris Interactive,Ifop,Ipsos,Opinion Way,BVA,Cluster17,Elabe,Harris Interactive,Ifop,Ipsos,Opinion Way
Le Pen,0.6821910452026172,-1.3501729532641982,-0.31626500791196527,0.5140657041368653,0.8444126117232926,-0.9497323577076937,0.43663373973007,0.5628737713009085,0.9010030635042765,0.7321590530943106,0.6784239410001838,1.0748308915440503,1.0015148321070735,0.738992812772856
Macron,0.2184397775857354,-1.89043400069259,0.29330416135826554,0.04883254282245512,0.8077575966968416,0.31290685706099036,0.09024917761895272,0.43613955143469196,0.8845699885112847,1.164466920256622,0.6026149138161842,0.6526117571530117,0.5809430082303367,0.6879351807090167
Mélenchon,-0.5194034355275066,2.781847320576898,-0.25536683542896654,0.5861774150413763,-0.3084609238994058,-1.4179293615351922,-0.8390376984624586,0.4738715734283177,0.33111206314022584,0.8249184356681745,0.5123508367771441,0.6801289366013973,0.38539774953538797,0.48998884641498996
Pécresse,-0.09993622589188078,-1.178491321705678,0.6713280115975641,-0.523610430516121,0.24452410909077688,0.036871562222238495,1.0135575749763766,0.5337776812253613,1.16531708909856,1.3951764346571713,0.9775373305424057,0.551966881031976,0.5020058921147383,0.6849673941450926
Zemmour,-0.6878819295689031,1.016174574379532,-0.6780509311393885,1.0048213568430238,-0.017608344544855152,0.10270610307446375,-0.4317015457140291,0.5837990664677535,0.5088938851261009,0.6815462888741146,0.6822958196211226,1.017981038901255,0.7610065314920212,0.8615774990192889
