choice:id,mean,mean,mean,mean,mean,mean,mean,sd,sd,sd,sd,sd,sd,sd
,BVA,Cluster17,Elabe,Harris Interactive,Ifop,Ipsos,Opinion Way,BVA,Cluster17,Elabe,Harris Interactive,Ifop,Ipsos,Opinion Way
Le Pen,0.4968454481491813,-1.3276562523501123,-0.16683473047331498,0.7761760049754961,0.5973127301228014,-1.093346547136951,0.5609575483392166,0.6523627584851205,0.8349257939128831,1.0136535680963605,0.8674692788417548,1.001083496391177,0.7326470215717759,0.8788696061958972
Macron,0.3276710123405566,-1.8582842303870453,0.17211999208306591,-0.14963075157445177,0.49081353429993513,1.2904099244957987,-0.1963366077069483,1.4210706525261045,1.3864297126038017,2.332913919140187,1.3501635908265537,1.375425153363537,1.4975189537187348,1.5006895728440708
Mélenchon,-0.29842927424433063,2.3281337045450954,-0.08048669669250023,0.4734587899903939,-0.6032760959895981,-0.6558059463586169,-1.006703879346815,0.8651013444419593,0.3703387779378237,1.1582772377185533,0.709906843153744,0.5648852513862731,0.9743215304445101,0.6295332512101732
Pécresse,-0.13421588741984936,-0.609162678660556,0.3743453536570746,-0.39888723759032974,0.6922621472834496,-0.7342297176312266,1.0146856261759252,0.970954502516418,1.0202212707922935,1.6801022704502584,1.2399474400159065,0.7892510250744422,1.1832253494286304,1.2850047512954124
Zemmour,-0.3205872563970684,1.0796469098892154,-0.8216758186563783,0.7248114126020171,0.1370294725404439,-0.22160373204275818,-0.7101159266732089,0.6566578877483386,0.8800853665394445,0.9698945391468573,1.122417262536957,1.2702616333057473,0.9138485938691978,0.9978369048792731
