choice:id,mean,mean,mean,mean,mean,mean,mean,sd,sd,sd,sd,sd,sd,sd
,BVA,Cluster17,Elabe,Harris Interactive,Ifop,Ipsos,Opinion Way,BVA,Cluster17,Elabe,Harris Interactive,Ifop,Ipsos,Opinion Way
Le Pen,0.37634186179803475,-1.3691300266686885,-0.024735777594885693,0.7990064021716796,0.531165222466054,-0.8736394186905583,0.5178313545739661,0.6578448023167357,0.8105191286500897,1.2646854255959694,0.8807523578110036,0.9917411693871583,1.0894954134308865,0.9046522461018044
Macron,0.2269234416993613,-1.8298713188385756,0.004359978658706372,-0.13277122775335748,0.39511820850182733,1.248274494782558,-0.22485152085847795,1.4116321149179538,1.389076854909816,2.242698884046798,1.3525044460968263,1.3440055515410796,1.3435111867957692,1.4584700841288667
Mélenchon,-0.439204495125187,2.222241581971586,0.032866158853849026,0.4615308318412835,-0.5911856403619908,-0.6042847589883159,-0.9591788366388091,0.7922183879613173,0.40769339704459584,1.3097637996149094,0.7424486053670051,0.7213594339221568,0.9407968619135637,0.8610701650623273
Pécresse,0.03621725154725941,-0.5424454089886885,0.32665089129177466,-0.38350652596883084,0.6850507305065139,-0.8390560279068104,1.0661550806255338,0.8846237216036635,1.0005998507795983,1.682702605444787,1.2306650672269916,0.9138710262940312,1.1783680020151754,1.247645358853508
Zemmour,-0.17786230976021855,1.097354440645654,-0.8481331621824851,0.6588519400533894,0.25553715055215764,-0.3976924087826503,-0.7707468346596895,0.7136144002574055,0.8972405734064097,1.0233301049254802,1.1994393602782407,1.227002310971244,1.0940352137270313,1.1531354835091243
