choice:id,mean,mean,mean,mean,mean,mean,mean,sd,sd,sd,sd,sd,sd,sd
,BVA,Cluster17,Elabe,Harris Interactive,Ifop,Ipsos,Opinion Way,BVA,Cluster17,Elabe,Harris Interactive,Ifop,Ipsos,Opinion Way
Le Pen,0.42931395720055043,-1.3236566558729947,0.03221614801141678,0.7287988685836997,0.5514372957185363,-1.0484033212043495,0.5198556570401106,0.6541537851362346,0.8209921578320882,1.2877522166076547,0.8371062563535117,0.9754729501700415,0.813210543382754,0.8608447660636735
Macron,0.2636325555392802,-1.796617412390564,0.043140545834991606,-0.20742987707216407,0.4463506695235138,1.2914484248086007,-0.19683461985398862,1.416064283308522,1.3984749376278376,2.2439549596201607,1.347495412327784,1.3540918454961282,1.425286222304203,1.4814167860956065
Mélenchon,-0.39145093912477646,2.264426049085726,0.08423857761692484,0.40484883279596057,-0.5773534197590993,-0.6126886612492063,-1.003582781606468,0.8146333188115957,0.3901067535876075,1.343009827381937,0.693619892983914,0.7028156812547319,0.9924892199600431,0.7326339950612833
Pécresse,-0.02183517463682616,-0.5944044805280077,0.26476307117477926,-0.3120022711753357,0.6661397212109879,-0.7748272153174957,1.051388716295951,0.9101800664456446,1.010075144353208,1.7123302932507556,1.209640406817204,0.8962890705504019,1.1847175234947491,1.2595632398164123
Zemmour,-0.23279606942366216,1.0504796284045432,-0.9069633214997728,0.7883391868164283,0.20702468923844874,-0.33077794860700543,-0.7410382049239129,0.6907280633575127,0.9094856126827265,1.0520814619802956,1.0893584141967023,1.2361790242453234,1.0739426389891074,1.0891753958608523
