choice:id,mean,mean,mean,mean,mean,mean,mean,sd,sd,sd,sd,sd,sd,sd
,BVA,Cluster17,Elabe,Harris Interactive,Ifop,Ipsos,Opinion Way,BVA,Cluster17,Elabe,Harris Interactive,Ifop,Ipsos,Opinion Way
Le Pen,0.5312347274153808,-1.2244072239778856,-0.04602786947465631,0.5859830993302162,0.5596631216361632,-1.1041981587880088,0.5795084309584608,0.6708464072732235,0.8785514131654802,0.8979264722371689,0.672172013084104,1.0261306616916097,0.936223206190102,0.9512843174749037
Macron,0.46106848894159214,-1.7949132292514758,-0.06837483078353498,-0.054253499908535924,0.7703559442387565,0.886935952930973,-0.020166197070629117,1.4288967530896788,0.9859130712623017,1.0459772519833739,0.7918667854847549,0.9692054633989642,1.674031522834694,1.0572672743608647
Mélenchon,-0.4640978151186002,2.579148504545008,-0.23763217648813928,0.5395737132709907,-0.3703297073589295,-1.0338793908204502,-0.8543977196465772,0.6097127113642383,0.3118201291663181,0.9236492006499419,0.6480586929514656,0.6292343433489953,1.0290687217248566,0.6001166302240913
Pécresse,-0.1455823074567233,-0.9363234613148356,0.343713575974123,-0.47777156842385166,0.48126671826542644,-0.22633818685976936,1.0428035492496492,0.6375843000742957,1.04418090195604,1.7626515292538365,1.1776954364682704,0.5539474624023232,1.1428352996770956,0.8657819643618325
Zemmour,-0.6339841424209732,1.0807811281289836,-0.7040745316435354,0.93920767675576,0.04913162261401642,-0.013164729136859288,-0.6776701410136139,0.6642565185799523,0.5968721642804756,0.6674306855835038,0.6556211337833568,1.285157987563467,0.8191042909848744,0.944137315285302
