choice:id,mean,mean,mean,mean,mean,mean,mean,sd,sd,sd,sd,sd,sd,sd
,BVA,Cluster17,Elabe,Harris Interactive,Ifop,Ipsos,Opinion Way,BVA,Cluster17,Elabe,Harris Interactive,Ifop,Ipsos,Opinion Way
Le Pen,0.3928299468489982,-1.3550900220445277,-0.0072854748223244075,0.8137663821604308,0.5483174772468444,-0.9839476987777058,0.510260161976464,0.6566439797141311,0.8131779811958716,1.2700374367715805,0.8883767797927197,0.9928859698805496,0.9445983646828244,0.8804404241177773
Macron,0.2312222247651312,-1.8253980471084086,0.00869659152248096,-0.12805032243832493,0.4003549484408346,1.2487409907758698,-0.22029522724231904,1.408159564938245,1.386305940761381,2.2409059108480656,1.3496806378535273,1.3412889050505181,1.374831500206359,1.4640619538758701
Mélenchon,-0.4303865633575792,2.230292719338271,0.042103149150756934,0.46988410546366044,-0.5817866964149431,-0.6321368920411904,-0.9807957376766375,0.7939318209701991,0.4053396316777954,1.3127425924401075,0.7431558262982894,0.7231619515792512,0.9527228069842159,0.8193790395527627
Pécresse,0.026052683377074892,-0.55192277744156,0.3161906804874324,-0.393389419916875,0.6739079350823144,-0.7934115792084753,1.066876599667567,0.8851156238872128,1.0012016908945889,1.6843683728066987,1.2306503932079873,0.9137039154719774,1.183650936592646,1.2501816008211177
Zemmour,-0.190787680627585,1.0863579616344583,-0.861697913341556,0.6472337761907816,0.24204538819784496,-0.33038198210454905,-0.7520143335581939,0.7086291451566518,0.8981319502284081,1.0276863840034056,1.2043970871887701,1.2260367403014318,1.0601347948255933,1.1224478541188496
