choice:id,mean,mean,mean,mean,mean,mean,sd,sd,sd,sd,sd,sd
,Cluster17,Elabe,Harris Interactive,Ifop,Ipsos,Opinion Way,Cluster17,Elabe,Harris Interactive,Ifop,Ipsos,Opinion Way
Le Pen,-1.4708496685591714,0.13448005552742154,0.5323401334007364,0.9248558685605685,-0.7462649787171713,0.6488367704504836,0.8075382882595535,0.6135774334337514,0.71882158872267,1.2523442985645605,1.056103104987267,0.6370272932320744
Macron,-1.9941727045681716,0.18687975627673054,0.055344914117072666,0.7719063121626064,0.4869879510870945,0.285155007170513,0.9357771090818114,1.192772307382936,0.6302088232060645,0.7239999466190693,0.5498979539111886,0.5811876974928823
Mélenchon,2.7345616977948684,-0.4256815786483813,0.6995435315951882,-0.5720566894868726,-1.5051041756956203,-0.8949633801346011,0.3612542636607517,0.9296355518080089,0.4720987739003241,0.5521269731778408,0.40284690892688074,0.483419621039905
Pécresse,-1.316919053605836,1.1322960782115252,-0.5639517781326236,0.27909826673902266,-0.12605714772241292,0.8811982895578309,1.2741583402052683,1.133094766210074,1.0366382537861125,0.4141808713247373,0.4855485381442893,0.7176250662434264
Zemmour,0.871570601215913,-0.7097768474240873,1.082574830021855,-0.2832159380013594,-0.028479672162546165,-0.5956874940895172,0.4547108397750241,0.6973448308054089,0.7129139801897175,0.9729423824243206,0.775019612180543,0.824770815298356
