choice:id,mean,mean,mean,mean,mean,mean,mean,sd,sd,sd,sd,sd,sd,sd
,BVA,Cluster17,Elabe,Harris Interactive,Ifop,Ipsos,Opinion Way,BVA,Cluster17,Elabe,Harris Interactive,Ifop,Ipsos,Opinion Way
Le Pen,0.5351750149275443,-1.2808834649406635,-0.18592355224940604,0.7072731816882643,0.6199777859539384,-1.0997508288591167,0.6137279814746719,0.6654210070305194,0.8704564885433682,0.9561478430093097,0.7579187696294615,1.03371115294768,0.9327097769235255,0.9468777009048687
Macron,0.2272623116434739,-1.682646773907501,0.44874344458741183,0.1323927953368269,0.6854361341715642,0.662545260247271,-0.10479096601768129,1.270840549767817,1.2827969550618186,2.4261368974989894,1.3917656885150322,1.1175234419864546,1.4989636808082967,1.2501750401454295
Mélenchon,-0.5103527951711744,2.521046519222182,-0.08074876662093153,0.563693643742459,-0.3882421999167891,-1.0774715041022558,-0.9222233703354124,0.5944483555282601,0.31804486259490017,1.0501335843436326,0.6501862849008202,0.6146890867894054,0.9955102993925579,0.5776442603012001
Pécresse,-0.04210138419559092,-0.8369011209305047,0.0924391675337887,-0.6180345776384545,0.5114538327644681,-0.12817712993205377,1.0719077484240667,0.5776056345464678,0.9952209113478798,1.9266801905807729,1.3226622061224433,0.6170621301730277,1.081280714903743,0.9037495046344485
Zemmour,-0.5682164708005596,1.0949649791503506,-0.8535112061287025,0.7990500198836482,0.05142608592433833,0.050926139503275625,-0.6771871618098113,0.6735155885293564,0.6174145976296486,0.9016272528573728,0.8805998040051285,1.290756018967149,0.8133850723890761,0.9622004607172835
