choice:id,mean,mean,mean,mean,mean,mean,mean,sd,sd,sd,sd,sd,sd,sd
,BVA,Cluster17,Elabe,Harris Interactive,Ifop,Ipsos,Opinion Way,BVA,Cluster17,Elabe,Harris Interactive,Ifop,Ipsos,Opinion Way
Le Pen,0.44015706354143497,-1.3402574871985102,-0.1333378951632156,0.8030214292975515,0.6302531730520188,-1.0763068142302166,0.6034848571543231,0.6445449279027451,0.8604750324431345,1.0182764973465517,0.8855310015596846,1.003712194166395,0.8044505242859246,0.8908253135379942
Macron,0.2463985232561901,-1.997743242807605,0.33300530072510104,-0.013252762290160983,0.6540037238974417,1.1303678092529859,-0.04009522577037165,1.4107363770613894,1.1170017782908315,2.3742239697070238,1.3864442698630264,1.4061314719869713,1.598926080536542,1.5326925145356092
Mélenchon,-0.4225772765564333,2.4054631142113245,0.00240806399882245,0.5448882965630184,-0.5186874471256879,-0.9001295969665223,-0.9460623004595334,0.7504265795002951,0.35769141677796057,1.192104448678978,0.7183622630384765,0.580686471746285,0.9015659650951368,0.6039247400705446
Pécresse,0.05667399069211042,-0.6118960803315943,0.23252933343858764,-0.5199257476545062,0.5486241362646577,-0.5564706922666023,0.8809917084334794,0.5667753736663474,0.9932211739085844,1.7461252465191588,1.2807521583850305,0.8419445493970844,1.2365251887682878,1.3386484543938744
Zemmour,-0.4401946544298916,1.1910440021601887,-0.9020410774449424,0.6613803067526643,0.05880862720924134,-0.023897540932419286,-0.7800556351662477,0.6622543174175863,0.6680164091134418,1.0061193471936845,1.1617794050291028,1.2703204249414157,0.7809977800277094,1.0181131545363116
