choice:id,mean,mean,mean,mean,mean,mean,mean,sd,sd,sd,sd,sd,sd,sd
,BVA,Cluster17,Elabe,Harris Interactive,Ifop,Ipsos,Opinion Way,BVA,Cluster17,Elabe,Harris Interactive,Ifop,Ipsos,Opinion Way
Le Pen,0.7429032517453337,-1.2874936816791867,-0.041012936093689945,0.5890249603736855,0.5700290022384407,-0.9681650892730177,0.4001071844427067,0.5288326507223746,0.893010749120618,0.896677575267339,0.6755000366964267,1.0767454748617695,1.0051739722242947,0.8775523453491967
Macron,0.08188579151172633,-1.7740936703161276,0.2708873229138358,0.21415735123056673,0.8581117779579284,0.2944867748778511,0.07621886187081303,0.4496544196748756,0.9403084005052752,1.0305660595235706,0.9167888069588863,0.7640870155811939,0.5895871096494364,0.6841872986368011
Mélenchon,-0.5175763918855889,2.6923899812830028,-0.0741867712328595,0.6722073080521429,-0.26115382730873116,-1.5276258582993705,-0.7254316388457439,0.525718748573275,0.31890198729675406,1.0033252124019778,0.6827853435188336,0.6993405323613818,0.3575425584271525,0.6887848223709331
Pécresse,-0.1658510509834965,-1.0360150951238785,0.10242675696384257,-0.6739322708038927,0.3425758260142695,0.23911532721033377,0.9554034302109157,0.6971096849249209,1.1021400463804998,1.9315354946429102,1.282792723730131,0.6026652984738049,0.5595708896957039,0.8874417954345478
Zemmour,-0.5690268522486541,0.991203048205252,-0.7383522591930526,0.9168820725170114,0.21125233959053677,-0.0034834739794193936,-0.5063232373383396,0.6780298619033641,0.5432247432484041,0.6532608454875539,0.6573704903776195,1.1841980318293954,0.7534062149621803,0.8263192279276103
