choice:id,mean,mean,mean,mean,mean,mean,mean,sd,sd,sd,sd,sd,sd,sd
,BVA,Cluster17,Elabe,Harris Interactive,Ifop,Ipsos,Opinion Way,BVA,Cluster17,Elabe,Harris Interactive,Ifop,Ipsos,Opinion Way
Le Pen,0.7745707475726242,-1.349624182720012,-0.31345666857973953,0.5155015248137222,0.8240139424307334,-0.9491456428909579,0.3954654386083607,0.5377107100539121,0.902072284054693,0.730929477863515,0.6794020493307812,1.0663423364783646,0.9992726444397473,0.7805958194435723
Macron,0.12747542303555476,-1.8821503126636834,0.30590895450808525,0.05878275306163437,0.8506433468883224,0.32132907480819206,0.09309294189202139,0.4428480669904083,0.887042158032983,1.165703954182005,0.6057686450681989,0.6628587807712955,0.5771640031235468,0.6786666762817819
Mélenchon,-0.38561097749546924,2.7585709407443866,-0.2909486850346167,0.5587048741904658,-0.30558445332744705,-1.4416174327443354,-0.8311338352735049,0.5396304412534649,0.3290210847188987,0.8166440807103941,0.5234436936683609,0.6839576070314483,0.37762072294522425,0.5371410908668403
Pécresse,-0.40189062373413476,-1.1347646459751612,0.7300480051208594,-0.4742203276827877,0.2844010135865018,0.08022859246942075,1.0371987228546635,0.833856856905699,1.157730263571451,1.3652982239617224,0.9720670413531158,0.5377669085642053,0.5133359681380556,0.7066015757971027
Zemmour,-0.46653370317840553,0.9783170895584135,-0.7287700206377831,0.9619625560853302,0.001732492199408675,0.06538555610002679,-0.44360680047605844,0.7308282958495994,0.5059695286910902,0.6892443488229357,0.6913886341831865,1.0658193822276658,0.7588438713323304,0.8705184815295123
