choice:id,mean,mean,mean,mean,mean,mean,mean,sd,sd,sd,sd,sd,sd,sd
,BVA,Cluster17,Elabe,Harris Interactive,Ifop,Ipsos,Opinion Way,BVA,Cluster17,Elabe,Harris Interactive,Ifop,Ipsos,Opinion Way
Le Pen,0.47555198844625657,-1.3986790450895785,-0.06217821000762669,0.7685234516240705,0.5713114812052117,-0.9424809839977619,0.524833599274997,0.7299026462230505,0.8047512052451277,1.245636162551755,0.85636381556431,1.0432209357794877,1.069235198493772,0.943170892549838
Macron,0.17053107087452407,-1.8377092403350206,-0.0033375972630948305,-0.1416376641910309,0.3720901836768317,1.2547138466869652,-0.24283991574635017,1.3472758265275178,1.3976625022933893,2.2490899889788563,1.3612636642934302,1.329537111367351,1.3545502429711043,1.4470364848857136
Mélenchon,-0.21970070391109175,2.177001422602497,-0.023473139204307863,0.4145146884221801,-0.5681440750345185,-0.6999063849823345,-0.9470683941094137,1.0523732348476735,0.4319492235243682,1.2695017300945013,0.7219137870347409,0.7902479286221171,0.8934904013270789,0.9080669653084714
Pécresse,-0.07640756582145396,-0.5080329282160095,0.36789768346624935,-0.3475304651193917,0.679641901312,-0.7783927958779893,1.0684107358434574,0.9228408166636871,0.9960944791110343,1.6615170617364574,1.2164055868372567,0.91311059887658,1.1515183336235095,1.2347766732873633
Zemmour,-0.2782411879601775,1.1284619194573244,-0.8080865265862479,0.6913015136831595,0.2592540381116473,-0.32620600140076605,-0.7836253958032363,0.7900192323987381,0.8874550137947496,1.0004864276593037,1.1747147780175045,1.2185835903236104,1.0634259312489558,1.151749770777566
