choice:id,mean,mean,mean,mean,mean,mean,mean,sd,sd,sd,sd,sd,sd,sd
,BVA,Cluster17,Elabe,Harris Interactive,Ifop,Ipsos,Opinion Way,BVA,Cluster17,Elabe,Harris Interactive,Ifop,Ipsos,Opinion Way
Le Pen,0.3435371598311413,-1.5764891713813625,0.0903324148599735,0.872463913086142,0.5710420356267587,-0.5984532648332883,0.3856586889767387,0.9255159257621133,0.7780558956782282,1.5414506133930919,1.1833912915434444,1.2408974786983953,1.5094215696110467,1.040329712086366
Macron,0.09126589610494662,-1.7329693606780865,0.055152490182594605,-0.17951145289507142,0.3071723971538584,0.6414714237261532,-0.22391211601009187,1.369561153300968,1.4056414719816543,2.124569995975028,1.3719747240495677,1.3024051769020197,1.5675141800292476,1.419558315841046
Mélenchon,-0.3285198863871468,1.9228797878734682,-0.05644783028705153,0.4299277165453854,-0.6197423544045858,-0.1662669132118216,-1.0089576403261302,1.0847308593712057,0.5564609370498674,1.2255471339158093,1.0084534506980645,0.950128532089612,1.5065998045849136,1.0643871533445217
Pécresse,0.038478838023086756,-0.37841205632280495,0.25251483936545316,-0.2954575179606357,0.7279305569560613,-0.8319539510439623,1.095473595172494,0.9024127414286279,0.9464803839557498,1.7020293732212277,1.1671426429216682,0.9790364499304129,1.0824426231946906,1.30761843462268
Zemmour,-0.2543736834445996,1.2063671389586783,-0.751128784425374,0.5160603343490459,0.2921524162609072,-0.26777457603956156,-0.7084149050574519,0.9868848289102008,0.8578761937229266,0.9479496988557568,1.3638135489409755,1.2374948513226054,0.9485935659363988,1.1005187367332658
