choice:id,mean,mean,mean,mean,mean,mean,mean,sd,sd,sd,sd,sd,sd,sd
,BVA,Cluster17,Elabe,Harris Interactive,Ifop,Ipsos,Opinion Way,BVA,Cluster17,Elabe,Harris Interactive,Ifop,Ipsos,Opinion Way
Le Pen,0.5272618653755288,-1.227253363808919,-0.04969102984749599,0.5830490399889395,0.5777035323741889,-1.1081019563582624,0.5902925304568089,0.6728789200712936,0.8772186840484301,0.8970335792455768,0.6710203588675108,1.0243969540860052,0.9377751884846779,0.948987822851073
Macron,0.44373727455900536,-1.807401582371443,-0.08440597740278753,-0.06727398252568922,0.8393681125030534,0.870158219292942,0.01818173120597463,1.4172448297876714,0.9783987385101816,1.0483233098558074,0.7881264432954878,1.1008490783541462,1.6610728704050546,1.1323046274888107
Mélenchon,-0.4667503480374033,2.5769428453146284,-0.2401471329821469,0.5373132461485817,-0.3554140168266945,-1.0364440757718105,-0.8617854365564798,0.6091167487911485,0.31208353170951625,0.9230722144025425,0.6479601705742871,0.6312766679635424,1.0277793644362665,0.5956552614322848
Pécresse,-0.1379932338831885,-0.9304455249068763,0.35083339614543285,-0.4716814266345148,0.45685965481945107,-0.2190235945782706,1.03571410252438,0.6334621402165573,1.0434786636226987,1.759006121767471,1.175564124790806,0.5818476196140259,1.1384437746603557,0.8635807132847405
Zemmour,-0.6280349874864578,1.0847889008429694,-0.6985330834859756,0.9434778265944651,0.018111822542968087,-0.007491709435624383,-0.6933298180397472,0.6652847368887226,0.6000931961348835,0.668623639466523,0.6554275959612789,1.2923220996282243,0.8186280518536256,0.9501305423325247
