choice:id,mean,mean,mean,mean,mean,mean,mean,sd,sd,sd,sd,sd,sd,sd
,BVA,Cluster17,Elabe,Harris Interactive,Ifop,Ipsos,Opinion Way,BVA,Cluster17,Elabe,Harris Interactive,Ifop,Ipsos,Opinion Way
Le Pen,0.5314516649427354,-1.5068283758883048,0.004967438927301133,0.7785980702088218,0.5185863137219776,-0.6955155679373901,0.44512523348347555,1.0129007822141394,0.7757070641641838,1.4066672146864547,0.9387810622862864,1.1214329757821568,1.3461347702387503,0.9617390128066101
Macron,0.06554142748577405,-1.7944138227145046,-0.00434846748361541,-0.10916493075814201,0.33920989558407444,0.8846423274347602,-0.2398777476840691,1.360434646043441,1.4065253212766289,2.1845342371607157,1.3596668449881115,1.3306729617798245,1.4531632706457975,1.4329791056257293
Mélenchon,-0.16346464986544157,2.0114693911297437,-0.018265906036091906,0.3593260072840632,-0.6697987102778572,-0.299530635810071,-0.9693134464528033,1.1999133708191907,0.4998097915400453,1.3066743788328368,0.7726457006966809,0.8066627018008001,1.3693830148435056,1.0464316303931136
Pécresse,-0.09246694206751656,-0.43644598943877166,0.3442562226192611,-0.31871817710447004,0.7799671363990244,-0.8822727426481392,1.1030683833367763,0.9817203630698769,0.9795954648307107,1.6535029995334727,1.2089598153997283,0.8824123727046315,1.0904414451861528,1.248682900745083
Zemmour,-0.36981917418681187,1.1799328015795156,-0.747114528197293,0.6070995348564424,0.3113143885202159,-0.27015587634568444,-0.7457677204697742,1.0217150666891974,0.8688030709014621,0.9424824545295432,1.284324122997013,1.2280160900638986,0.9285210952271237,1.1211313300408816
