choice:id,mean,mean,mean,mean,mean,mean,mean,sd,sd,sd,sd,sd,sd,sd
,BVA,Cluster17,Elabe,Harris Interactive,Ifop,Ipsos,Opinion Way,BVA,Cluster17,Elabe,Harris Interactive,Ifop,Ipsos,Opinion Way
Le Pen,0.4490655608946241,-1.4939310439648201,0.19569387079104342,0.7220736644217404,0.4539118127363833,-0.6107315432963701,0.3832119433144772,0.9751917619551949,0.795615957007297,1.618171686260847,0.8990546408314248,1.104779244461119,1.465722737724111,0.9441842160044464
Macron,0.06907314214959612,-1.7475992535194675,0.03375216220922818,-0.11086310795028614,0.3377095918825351,0.7157149921652544,-0.23590617582476334,1.3641714734756045,1.3856952898394326,2.114214791662872,1.3668757229129884,1.335653518078772,1.555198314388454,1.432448712438851
Mélenchon,-0.22694521321489436,2.003354144305939,0.04490291774731871,0.31315295610737987,-0.7223944218764863,-0.19567081743040263,-1.0006285644879815,1.1606206856844519,0.5277160658510092,1.2996923619868312,0.758076219691803,0.787034913439499,1.4603981335613827,1.0500318871019905
Pécresse,-0.036023798719502585,-0.43924341851123017,0.17764949112477815,-0.27694180166856613,0.827038379470322,-0.8131170207719133,1.1208782638251824,0.948356304176193,0.9591628244782386,1.7496558603718853,1.1923666353074205,0.8626263502901211,1.0430760480503876,1.2672517956234048
Zemmour,-0.3210814301728517,1.1540984715439042,-0.8177670916676748,0.6413658582106289,0.35064379337794305,-0.2966747790657667,-0.7124804873122007,1.007754531240811,0.8717875807300827,0.9814957478727626,1.2634660015606318,1.226602919342242,0.9651035342582638,1.1061715866421307
