choice:id,mean,mean,mean,mean,mean,mean,mean,mean,mean,sd,sd,sd,sd,sd,sd,sd,sd,sd
,BVA,Cluster17,Elabe,Harris Interactive,Ifop,Ipsos,Kantar Public,Odoxa,Opinion Way,BVA,Cluster17,Elabe,Harris Interactive,Ifop,Ipsos,Kantar Public,Odoxa,Opinion Way
Le Pen,0.4823118870724849,-2.109143548332159,0.5999500497914796,1.3909584463372477,0.27771246652131176,-0.5801624275081766,0.13722467877014655,1.2570817847142313,-0.659576440691681,2.4897853967984958,1.459056115324799,2.1504589006179513,2.9004329996662266,2.925483002099333,2.246883490318924,1.4729594194375533,1.1216803682721168,3.3547456738182917
Macron,0.10917840787866294,-1.8310663707104389,0.5066270115206,-0.3866503474625859,0.24094885973505045,0.13794801306428672,-0.10970506918506917,-0.12551602120589372,-1.261451742749569,1.4628786592895846,1.589339791455208,2.145586838018675,1.5119818735209816,1.4694181955609613,1.568690577828808,2.31077288747823,0.935551384373413,4.816730778501093
Mélenchon,-0.3990485000664563,1.9783597202946144,-0.17340252390083663,1.095696623831835,-0.49009705292694666,-0.21349453083902784,0.10071589310854145,-0.5038191934946461,-1.3539301399113877,1.4294388040380166,0.6830948565735854,1.3913505184366108,1.2502012449771436,1.2876361973720136,1.5632598340264605,1.1737292172015221,0.9579647605419866,2.1708009376067317
Pécresse,0.3887704577348172,-0.5490680788768052,-0.7665693923998086,-1.599309112995629,0.26938999506494377,-0.9542752528804628,-0.5545984698467783,-0.7182977221966611,1.1045151558216382,2.9078992012577625,3.1409268573461704,4.271335791116909,4.176043008440343,3.270552413727555,2.5192556638137664,0.8603987364813099,4.700242182547429,3.4496710320303845
Zemmour,-0.9694709742038301,1.5125401505369007,-1.3228286281270465,-1.4663786183060266,0.23577481989205237,-0.7261627317919873,1.0545677493271093,0.038352017131047286,-1.0554033711652193,3.6264639075714835,2.2310509389885103,2.6165745477801283,4.606775563821999,2.3481413308653267,2.449088703635841,1.4428889617743137,1.8486847621257632,2.7151851859321052
