choice:id,mean,mean,mean,mean,mean,mean,mean,sd,sd,sd,sd,sd,sd,sd
,BVA,Cluster17,Elabe,Harris Interactive,Ifop,Ipsos,Opinion Way,BVA,Cluster17,Elabe,Harris Interactive,Ifop,Ipsos,Opinion Way
Le Pen,0.7377237549002494,-1.2918968284627363,-0.049335922552999754,0.5825113024274344,0.5607019374391475,-0.9713141116669188,0.4528159348204352,0.5276471824814808,0.8910030406826239,0.8942496776669984,0.6724575328630473,1.0647278233904744,1.0062023725359315,0.916676769072346
Macron,0.07562077247160133,-1.7793505088869976,0.26119441932692156,0.20656097745323557,0.9191745180646432,0.2905264845442937,0.06493734296298162,0.4505034335403987,0.9377286069944403,1.0297609058197363,0.9122136813980743,0.8624515660617122,0.5912831693068313,0.678822015989955
Mélenchon,-0.519313040406659,2.690746887537286,-0.07537134612673728,0.6708155105099027,-0.26043291966192866,-1.5294793449519712,-0.7249056631022875,0.5258843153051327,0.3190396359576283,1.0041728442713362,0.6835634053269618,0.6906570127178046,0.3574508868461123,0.6764107746101196
Pécresse,-0.15703011919714632,-1.0282395014105477,0.11422857169132151,-0.6639786789389568,0.30400225558767496,0.24575369275949388,0.9475228251819564,0.6932623985104054,1.1011723003446245,1.9247884856936437,1.2781420456710755,0.6622183605099343,0.5612374069745885,0.8723619408588098
Zemmour,-0.5650297009702591,0.9942197548277185,-0.7307650175583136,0.9223269209078175,0.1806528062491549,-0.0018834267569616259,-0.5257115728912459,0.6820514173827148,0.5459663725325807,0.6552694143934651,0.6567895246896606,1.1935120252380254,0.7541254292575192,0.8220611132567309
