choice:id,mean,mean,mean,mean,mean,mean,mean,sd,sd,sd,sd,sd,sd,sd
,BVA,Cluster17,Elabe,Harris Interactive,Ifop,Ipsos,Opinion Way,BVA,Cluster17,Elabe,Harris Interactive,Ifop,Ipsos,Opinion Way
Le Pen,0.4853394103478834,-1.3114628798081507,-0.22798766187200953,0.6743599418343766,0.6654177208179229,-1.0378398499965635,0.6445138236972764,0.6309870306919998,0.8642633399888322,0.9641102938995154,0.7365917234291707,1.0162399335808305,0.8319226915043855,0.9018359776914097
Macron,0.3731632436743218,-1.9079157858728257,0.15281759088489189,-0.1124375170793576,0.7550283400137672,1.0949777675828194,0.034797297099737695,1.4706099748239507,1.1594897844010392,2.3195354238217654,1.2899946562348479,1.4523749331256346,1.618205488108695,1.5678682348963335
Mélenchon,-0.3638363573359743,2.4466035809913604,-0.17409284250859525,0.4832579671618206,-0.4731041238552902,-0.8389370456706478,-0.9304347109550011,0.7786606088397591,0.3403981162958681,1.017052147013732,0.6468069980438038,0.5899453227833157,0.9871756732130901,0.5771572584248383
Pécresse,-0.028537232472219287,-0.6754908970894461,0.2984284834796256,-0.444267350372536,0.5048468803290366,-0.5096887045382754,0.8935923768177203,0.6091502556552746,0.9925017552028315,1.8067207631817,1.2495401334212581,0.8224702423118833,1.2388595078515203,1.2822749228111106
Zemmour,-0.5149031646584701,1.1429323808790435,-0.7849790485886692,0.8521987504480855,-0.013535027557023552,-0.018927454703568714,-0.8202760881436488,0.6441908095128117,0.6435186767144139,0.8823932797539285,0.8561219309408186,1.2917543078780414,0.7372969399573013,1.0428336119057804
