choice:id,mean,mean,mean,mean,mean,mean,mean,sd,sd,sd,sd,sd,sd,sd
,BVA,Cluster17,Elabe,Harris Interactive,Ifop,Ipsos,Opinion Way,BVA,Cluster17,Elabe,Harris Interactive,Ifop,Ipsos,Opinion Way
Le Pen,0.43977809401298273,-1.340434883470046,-0.13385852754561192,0.8026725701213185,0.629805369264404,-1.0772434438315521,0.6083823964961803,0.6448237614228202,0.8604857985081408,1.018056825783118,0.8850000203692462,1.0035824439817604,0.8044214865937905,0.895271018440072
Macron,0.24960347277831474,-1.9953050737120914,0.3365531625250717,-0.010306142072329076,0.6575030374375908,1.1344361328970312,-0.05432717744504533,1.4117794407040787,1.1178783125523986,2.375234636926747,1.387433166827165,1.4070209446721489,1.6008073749982963,1.5359268167852018
Mélenchon,-0.4204777271709878,2.406966009293161,0.004831116104967104,0.5468392487122868,-0.5163881903868639,-0.8969663254547501,-0.960230273326357,0.7514043939315034,0.3570773725320066,1.1937556856486837,0.7191412038069096,0.5813174191057763,0.9031885041186621,0.5913891746858234
Pécresse,0.05375088644430624,-0.6141674551174297,0.22933556610808187,-0.5226277723979653,0.5454655921754114,-0.5601548601812226,0.89918755584764,0.5680692197532231,0.9931087415913259,1.7476412781996915,1.2817944946806563,0.8431650274329556,1.2383384811476967,1.3359549483774054
Zemmour,-0.4422811394387577,1.1896090604690914,-0.9044440503867851,0.6594863095176257,0.05650611958921925,-0.026927205675628823,-0.7630803133788536,0.6615913471939195,0.6673083080936724,1.007271036028016,1.1629242122179866,1.2703609378036722,0.7816129679240889,1.0117031721646064
