choice:id,mean,mean,mean,mean,mean,mean,mean,sd,sd,sd,sd,sd,sd,sd
,BVA,Cluster17,Elabe,Harris Interactive,Ifop,Ipsos,Opinion Way,BVA,Cluster17,Elabe,Harris Interactive,Ifop,Ipsos,Opinion Way
Le Pen,0.532888074790509,-1.2232071455770346,-0.044465480668430736,0.587221146520999,0.5628032119410019,-1.1025559575229589,0.5654206582186261,0.6699375194678177,0.8791448574915409,0.8983014347346857,0.6726988637554803,1.0383214643676053,0.9356369760752091,0.9522700519896277
Macron,0.4799053614581492,-1.7814871008069861,-0.05109941769642114,-0.04029898692342018,0.7210498771226016,0.9052719020828657,-0.0778550364706892,1.4422531929826607,0.9943950046846978,1.0435178333231407,0.7962210578303849,0.8869328333802833,1.688922695879938,0.8886887349263628
Mélenchon,-0.4608801325829459,2.581760180147026,-0.23462324345802166,0.5422408783158746,-0.38578634381968097,-1.030745206798466,-0.8464351191432679,0.6106092604272404,0.31147482364158546,0.924465623210448,0.6482566465969026,0.626513822601063,1.0309063262792455,0.6049422156076872
Pécresse,-0.1531842733826334,-0.9422117477308509,0.3365863850502557,-0.4838780135444209,0.4830477317740618,-0.23366845221837473,1.0682160158226683,0.6416867243649995,1.0448952878791204,1.766241578632456,1.179793076605884,0.5605272493700161,1.147188932756294,0.8374799820798081
Zemmour,-0.644210732712323,1.0738752327512082,-0.7134025999339778,0.9319767174043881,0.09148409224006201,-0.023099149883467174,-0.6477392581907213,0.6631642288544635,0.5915063678712932,0.6654094846816311,0.6559780818361832,1.2563282131384668,0.8204390530540697,0.9019259659383114
