choice:id,mean,mean,mean,mean,mean,mean,mean,sd,sd,sd,sd,sd,sd,sd
,BVA,Cluster17,Elabe,Harris Interactive,Ifop,Ipsos,Opinion Way,BVA,Cluster17,Elabe,Harris Interactive,Ifop,Ipsos,Opinion Way
Le Pen,0.6879723427964679,-1.5071696635506722,-0.13437527824162032,0.4429991874817727,0.8338213116431854,-0.9447190205367152,0.5288310024691139,0.5594911958734948,0.8024291852167788,0.6350529461698811,0.6844050339313246,1.1740024577302643,1.0012000281623556,0.6067148759219781
Macron,0.23117269443684485,-1.94705727837856,0.4058466589950201,-0.021621543135825316,0.7407767032004052,0.3233204501617137,0.13076422043276129,0.4404858858804195,0.9117413715585626,1.2345576330719192,0.5911372802557361,0.6889586526115621,0.5747038217102253,0.6680738788465524
Mélenchon,-0.47458951459572907,2.8040893876239923,-0.31350647460277187,0.6508545529757215,-0.46861277837228243,-1.3790539091791352,-0.8681165207021768,0.45967091468846194,0.3498395022220996,0.8532595412074296,0.5247657117640464,0.5425337415692223,0.39678325677804155,0.4644255303883536
Pécresse,-0.17951000139945572,-1.3203298409221158,0.9439954446327178,-0.4771099826369716,0.33346047987540123,-0.03382907526894977,1.0010118515895385,0.5690664603353629,1.2171308244233154,1.2172467931347621,0.9773063067356006,0.4541484173452168,0.4895562545221774,0.7071500064268041
Zemmour,-0.6271695450897474,1.0381365196451506,-0.6813236915068517,1.0927396385709576,-0.1700814790907268,0.154634363129035,-0.46182690065124204,0.6120770414138331,0.5363981649598084,0.698937629007475,0.7039685322197007,0.9902810096899959,0.7682578565604703,0.8726314500770864
