choice:id,mean,mean,mean,mean,mean,mean,mean,sd,sd,sd,sd,sd,sd,sd
,BVA,Cluster17,Elabe,Harris Interactive,Ifop,Ipsos,Opinion Way,BVA,Cluster17,Elabe,Harris Interactive,Ifop,Ipsos,Opinion Way
Le Pen,0.7303500166706207,-1.298124658683733,-0.060401061495388736,0.5737586802710278,0.5450616408526823,-0.975957931936304,0.5300070442826794,0.5261638341101942,0.8883768511765536,0.8915599537534608,0.6688765787556387,1.0407764901337455,1.0075971868364988,0.9450438365621032
Macron,0.05257457756917461,-1.7987557978113484,0.2269490148515061,0.17925325453856641,1.0120306231261338,0.2755808373039308,0.18000371298962983,0.45381381419654865,0.9288178495779567,1.027636076451362,0.8974559405308614,0.9928861139824754,0.5973840786633537,0.855553682481552
Mélenchon,-0.5277657690691676,2.6831932006335424,-0.08578636550527009,0.6617347985971013,-0.22959353488556392,-1.5362826859009597,-0.6975636105175445,0.5259072631289473,0.3187217778003902,1.0005951631121863,0.6820080943300706,0.6962813364159984,0.35664420351884424,0.6766781016611471
Pécresse,-0.14047652416407602,-1.0137004781635268,0.13555704886314424,-0.6458121482121274,0.2725009986059832,0.25835653576724066,0.8849038907951944,0.6862568363484289,1.099434812135545,1.9134733315971766,1.2706545780481986,0.6788125225395792,0.5644424705067198,0.896102622405074
Zemmour,-0.5501529769181804,1.006140087952339,-0.7063577946714142,0.9408392462703091,0.10052480276082579,0.006175604636433481,-0.6145781165563219,0.6934995854824946,0.5536010955311423,0.6605661902344506,0.6553031835995944,1.2551777235997323,0.756101313142221,0.8926360195323768
