choice:id,mean,mean,mean,mean,mean,mean,mean,mean,sd,sd,sd,sd,sd,sd,sd,sd
,BVA,Cluster17,Elabe,Harris Interactive,Ifop,Ipsos,Kantar Public,Opinion Way,BVA,Cluster17,Elabe,Harris Interactive,Ifop,Ipsos,Kantar Public,Opinion Way
Le Pen,0.14049269432019001,-1.6340713284930366,0.13754979560553196,0.6768603894917751,0.4315107393213933,-0.7800794333084108,0.8742296374898872,0.25584766146829185,0.880557550447627,0.9329572908286313,1.7009394539215392,1.1002153723543864,1.246738078165106,1.501575292754826,1.8127556190004934,1.096613693353514
Macron,-0.035759887375830246,-1.891798131825841,-0.04770946404514499,-0.33836057022259625,0.16600957558337093,0.5530705673914015,-0.054468588485980796,-0.3561652457319195,1.4147674186135106,1.4636799658176978,2.091765745798064,1.422080776005739,1.3228539725017472,1.5737956698956495,2.2874916440629613,1.4490436858127422
Mélenchon,-0.48325733050963393,1.8100062378473925,-0.10700423574922789,0.2526404750807453,-0.721803962061472,-0.23791101612344695,0.22632321436091907,-1.1138238007924626,1.104083905331832,0.5573799617204954,1.2844920325030194,1.0032909607716327,1.031363639856121,1.5334298818902705,1.276228579088498,1.1069788367008928
Pécresse,0.3554305396197826,-0.035603321425557034,0.3736439594933322,0.06494379100464209,1.0054830006439481,-0.6127557323394719,-0.9878757083157712,1.3367042870348165,0.9961936512135504,0.9486429891871136,1.9259754896092347,1.2448005451612068,1.073041251104645,1.1606751332562921,1.0037850127318115,1.4183137304326883
Zemmour,-0.3011822932608329,1.053893927976113,-0.9104370922282423,0.45415182222699346,0.20147823218124652,-0.2976416185386743,0.6166089754683948,-0.7811301884610554,0.9716661310373955,0.891146799959247,0.9642149886481817,1.3041006628711505,1.2386164013332084,0.9214354843616724,1.5619307081727942,1.0619932128212144
