choice:id,mean,mean,mean,mean,mean,mean,mean,sd,sd,sd,sd,sd,sd,sd
,BVA,Cluster17,Elabe,Harris Interactive,Ifop,Ipsos,Opinion Way,BVA,Cluster17,Elabe,Harris Interactive,Ifop,Ipsos,Opinion Way
Le Pen,0.5172734030055461,-1.3489796571349946,-0.1485156670932242,0.7911167341117754,0.615776428918473,-1.1169816844923932,0.5810959106707735,0.6529366610532042,0.8594478021846094,1.0152900742270325,0.8758824004136037,1.0024335880378634,0.7772791634978972,0.8817335852550144
Macron,0.42749679390528206,-2.0475619097866824,0.2633563801744213,-0.07279875126124306,0.5829913164211756,1.2139206232839794,-0.0976222283710961,1.4573630792403531,1.1035736880618716,2.35873035208698,1.3715089504039697,1.394542612926781,1.6062729977722716,1.5195076806564873
Mélenchon,-0.256390812515898,2.375973180627526,-0.04097536712867367,0.5084593139371691,-0.5620456070350195,-0.8652310505893787,-0.9639629918157042,0.8771905146771323,0.36930467486030377,1.1699684707400146,0.7105081978402019,0.5708146100981629,0.895570852849668,0.6372373459320494
Pécresse,-0.2158752427392141,-0.5658996290661722,0.29935782682781403,-0.4634396002538948,0.6156123258069105,-0.5578147550159452,0.9332261005845265,1.0118930429589805,0.9940151016250188,1.7121731690414448,1.2584368001059387,0.8136267173306143,1.1810456267791338,1.3111937865343568
Zemmour,-0.3920843150769726,1.202437105319151,-0.8833420730318786,0.676205818565551,0.07722679970439005,-0.09234845102205715,-0.7787392603722899,0.6316093283042964,0.6749129952114331,0.9996420405079651,1.1541659378272346,1.2717261601352312,0.810448846161591,1.0204419350346932
