choice:id,mean,mean,mean,mean,mean,mean,mean,sd,sd,sd,sd,sd,sd,sd
,BVA,Cluster17,Elabe,Harris Interactive,Ifop,Ipsos,Opinion Way,BVA,Cluster17,Elabe,Harris Interactive,Ifop,Ipsos,Opinion Way
Le Pen,0.7791871009869545,-1.3466974282909263,-0.3092485079252099,0.5188670845015584,0.8284164690536826,-0.9461605123794546,0.364585234066076,0.5392380065681978,0.9029270990757221,0.7295189499433858,0.6799990296329925,1.0668441040575423,0.9980325064791322,0.8072204296726075
Macron,0.12892954841203733,-1.8809394415084064,0.3072831140627166,0.06005109726235168,0.8519628104203906,0.32249703749953024,0.07741847865408659,0.4426525738567158,0.8870519854541234,1.1656378093478506,0.605890457826144,0.6629357359119583,0.5771620577307642,0.6671667162408319
Mélenchon,-0.39250220087450494,2.754247220574766,-0.29714144275427806,0.5537629048070346,-0.3117045910862034,-1.4459853164268788,-0.7868351577405003,0.5385321044055266,0.328741372604277,0.8155188142856291,0.5250732302138775,0.6816129403658645,0.3765644533560318,0.5799580196107911
Pécresse,-0.39170661853578964,-1.1284428842564374,0.7392176720123397,-0.46693075017391394,0.2935938143016338,0.08659234207259292,0.9846431404411568,0.8270364593868175,1.1571141447857658,1.3601225504617587,0.9707846855083936,0.5343035468483412,0.515094468208397,0.7424537963025274
Zemmour,-0.4729927264212179,0.973687593332337,-0.734748516385274,0.9568629518629422,-0.004306700773415054,0.060755875814132075,-0.4021538988801043,0.7277985020003117,0.5055758606247613,0.6896994351759845,0.6923008303973379,1.0645272670907686,0.7584274753640241,0.881560442217851
