choice:id,mean,mean,mean,mean,mean,mean,mean,sd,sd,sd,sd,sd,sd,sd
,BVA,Cluster17,Elabe,Harris Interactive,Ifop,Ipsos,Opinion Way,BVA,Cluster17,Elabe,Harris Interactive,Ifop,Ipsos,Opinion Way
Le Pen,0.4210738207946722,-1.515779340558586,0.16797164891394953,0.704024470851034,0.5522373433016913,-0.6555654149029928,0.39177786556993527,0.9599416872070302,0.7895194752499032,1.5959335453515202,0.8833874788158654,1.1921504957688367,1.4461915627472286,0.9568191100209538
Macron,0.06837270578225194,-1.7488504220434378,0.03276928996253809,-0.11280128136440837,0.320238452497759,0.7179654477719839,-0.24201452318200325,1.3651188205065257,1.387820888169741,2.1157586677789477,1.368902162851574,1.3055882357807895,1.5550258615834005,1.4219061290306736
Mélenchon,-0.2574402543821973,1.9793391859370915,0.014673692399177771,0.29301839862042356,-0.6261340101471246,-0.24351360179730708,-0.97632843702162,1.1349891170001325,0.5352352903386811,1.2747969491719005,0.7469199811762348,0.9194270209525165,1.4341226458351184,1.0817698387201444
Pécresse,-0.011630943045725673,-0.41963215673107007,0.20195805829790472,-0.2600910392101541,0.7516353776525904,-0.7767436130720885,1.1081206962161256,0.9308386512271991,0.9541510524624743,1.732282429133304,1.183432499487187,0.93238234583682,1.028055617571508,1.267803421754309
Zemmour,-0.30286938919080875,1.1683347218738183,-0.7996807634193458,0.6534468524539359,0.30181028636047297,-0.2683549635301593,-0.7171705141414959,1.000939196565452,0.866943133390803,0.9715119649288738,1.2539731239055647,1.227571863183309,0.9569734441773455,1.0970335498997767
