choice:id,mean,mean,mean,mean,mean,mean,sd,sd,sd,sd,sd,sd
,Cluster17,Elabe,Harris Interactive,Ifop,Ipsos,Opinion Way,Cluster17,Elabe,Harris Interactive,Ifop,Ipsos,Opinion Way
Le Pen,-1.5172459086593177,0.06302699392979179,0.476621936379673,0.8482532924115169,-0.3953457991107805,0.5627294556334761,0.8177129030895787,0.582079549064001,0.720845313698524,1.2541344563377557,0.8208854809041045,0.6493436048945983
Macron,-2.0227660577271473,0.14499435394482632,0.021784975481288375,0.7195453961422267,0.6334411440833074,0.2692200556360516,0.9329493873283505,1.1825358427920054,0.6288331399906347,0.7558850210918522,0.4865508736098668,0.6020851098474466
Mélenchon,2.751989367919247,-0.39991355749362006,0.7199830626519935,-0.5403282364209747,-1.5914953861337313,-0.8862913953858327,0.3636638749715975,0.9308380504879111,0.4662434846084142,0.5710392038084843,0.39163288135892593,0.48462467995768604
Pécresse,-1.308626502557633,1.1478774845036253,-0.5526554304474433,0.3110110092051612,-0.2907816936498362,0.9218196877346496,1.266765254974673,1.1226538664732475,1.0352407884755477,0.4148808756466835,0.3897567784444187,0.7257823651469676
Zemmour,0.9077196627064603,-0.6566578141114132,1.1253385135395686,-0.26155528056189714,-0.15141863498543318,-0.6129473857062533,0.45280062052147724,0.6683529953263788,0.7030353468969629,0.9820519558815453,0.7910159133815778,0.8185817632149057
