choice:id,mean,mean,mean,mean,mean,mean,mean,sd,sd,sd,sd,sd,sd,sd
,BVA,Cluster17,Elabe,Harris Interactive,Ifop,Ipsos,Opinion Way,BVA,Cluster17,Elabe,Harris Interactive,Ifop,Ipsos,Opinion Way
Le Pen,0.5327902748523071,-1.2232682242247561,-0.044545956497289846,0.5872039448928086,0.5612450155675269,-1.1027547357702634,0.5653593442077351,0.670387286814729,0.8790373564077303,0.8981687185110575,0.6725596836469375,1.0258809794668569,0.9356702909501778,0.9520696262926329
Macron,0.4702076122627563,-1.7884448768656493,-0.05996296599646003,-0.047486991568102675,0.7795622995717646,0.895803088040823,-0.0878061406897435,1.4353367857386456,0.9900783252014225,1.0447586607174553,0.793948456842495,0.9726416349055373,1.6811997363765905,0.8876616106307291
Mélenchon,-0.4640239512394517,2.5793321391830637,-0.2375133027831227,0.5397695153027283,-0.37022633993510384,-1.0338432584702304,-0.8496338951277506,0.6093791863542842,0.31188594829445526,0.9233888361670096,0.6478721088390912,0.6290457658209353,1.028540294659799,0.6039665688531102
Pécresse,-0.15010779414845535,-0.939721247223004,0.3394921258646401,-0.48131729778418636,0.4766641795454659,-0.23069822064923362,1.071344058285527,0.6402906359390249,1.0446712945694643,1.7650323391287637,1.1791097757065305,0.5559045786570495,1.1457212067921922,0.8366818955958114
Zemmour,-0.6380051820338354,1.0780252555144207,-0.707782838858801,0.9362881038677102,0.04507062462929451,-0.017012681512301064,-0.6413861163387133,0.6636850793151746,0.5948925146673095,0.6668133139911029,0.6558376812360416,1.2848700664183605,0.8195313069573458,0.900648197865982
