choice:id,mean,mean,mean,mean,mean,mean,mean,mean,mean,sd,sd,sd,sd,sd,sd,sd,sd,sd
,BVA,Cluster17,Elabe,Harris Interactive,Ifop,Ipsos,Kantar Public,Odoxa,Opinion Way,BVA,Cluster17,Elabe,Harris Interactive,Ifop,Ipsos,Kantar Public,Odoxa,Opinion Way
Le Pen,0.6153362342923127,-2.12004395019257,0.7104114819970894,1.4429483863104537,0.3869327757095437,-0.37117640868951457,0.371628155375193,1.358906026662859,-0.5426729848613303,2.494129231833712,1.4259618405888888,2.1945812109686202,2.9057555986246206,2.9486497047068614,2.2738798707176056,1.6112245479262761,1.242939578565829,3.3974291927664892
Macron,0.19989460783848317,-1.7694345375726135,0.5825475144989368,-0.3507633425613569,0.31580731321210787,0.27976450410123394,0.0494067375318874,-0.055549597862407395,-1.1556504299382193,1.434491113027684,1.6539610665747773,2.128655055956231,1.5196020779324928,1.4626009329217116,1.5492307026529897,2.2624818902440906,0.9719528792157922,4.853481911295405
Mélenchon,-0.43358582576678206,1.8866134265609324,-0.20285265130587468,1.0824362653445792,-0.5173529854121932,-0.2722744943222709,0.03771345714022001,-0.5311883295974196,-1.423375200601144,1.3849078201947653,0.6166878723487242,1.3571505754359703,1.2413133364690603,1.2616880348508355,1.514786162884634,1.1352535228857226,0.9155104758272071,2.1260731870053595
Pécresse,0.3370765075235834,-0.5957825284230206,-0.8091422868407815,-1.619658975065301,0.22609892885789346,-1.0328648504280795,-0.6442504840829506,-0.7572274457026464,1.068849105770387,2.9209380493423502,3.2009646657852318,4.272403113123194,4.171486181737489,3.268614440313765,2.516250359370359,0.9027745273359086,4.710773189486366,3.469097135876615
Zemmour,-1.030285443598787,1.5846158954130343,-1.3733080707282896,-1.4902059378100247,0.18565513990822632,-0.8204091047561491,0.9475677407099572,-0.008347427208767197,-1.1119301161934256,3.6176179740611776,2.2208037370360834,2.6152602663347837,4.603086801736377,2.3540965477912468,2.440993131321268,1.483585902595448,1.8994241938986323,2.7268564133856725
