choice:id,mean,mean,mean,mean,mean,mean,mean,sd,sd,sd,sd,sd,sd,sd
,BVA,Cluster17,Elabe,Harris Interactive,Ifop,Ipsos,Opinion Way,BVA,Cluster17,Elabe,Harris Interactive,Ifop,Ipsos,Opinion Way
Le Pen,0.7847659267673166,-1.343666775343015,-0.3043948527866124,0.5225277886026878,0.7955670410406631,-0.9431509972684774,0.36967357903162595,0.5414738533591165,0.9039599732274162,0.7273824402546617,0.6808102644196616,1.0703187216073422,0.996629909669405,0.8057294148681208
Macron,0.12949409438870702,-1.880651605280033,0.3077257065071071,0.0603812415720526,0.8483995893002622,0.32275583232565214,0.07785806212575633,0.44259098305809785,0.8870847385001358,1.1655644045851268,0.6060555978146912,0.6527008301301349,0.5771834690156719,0.6671219924796669
Mélenchon,-0.39471535708237904,2.752501355529051,-0.2992329377451224,0.5519139564179416,-0.29608108188695154,-1.447725495270259,-0.7889713046721688,0.5382733584260695,0.32872140016432383,0.8152799640155766,0.5254077236455772,0.6771348442609468,0.37630482781336183,0.5795097729693307
Pécresse,-0.3884951078192948,-1.1260323287210023,0.7422112299439265,-0.4643454236492636,0.2784559220455293,0.08898595043937323,0.9876510632555662,0.8256107921379039,1.1570496396724657,1.3590564891754338,0.9705495961659629,0.5341948648981811,0.5154325607021343,0.7419423219510868
Zemmour,-0.4840939283585449,0.9665882872308172,-0.744683222058398,0.9488173526651862,0.06816293602756447,0.0537429520955491,-0.4124111271609724,0.7213421745666412,0.504804260754485,0.6906065607874143,0.6940159159648509,1.1377846561095293,0.7577160187891562,0.8774173231018222
