choice:id,mean,mean,mean,mean,mean,mean,mean,sd,sd,sd,sd,sd,sd,sd
,BVA,Cluster17,Elabe,Harris Interactive,Ifop,Ipsos,Opinion Way,BVA,Cluster17,Elabe,Harris Interactive,Ifop,Ipsos,Opinion Way
Le Pen,0.7646891233232289,-1.3553687309710258,-0.08262037787834009,0.5179298018616969,0.7209318698306555,-0.9547347108174714,0.3297258431451897,0.5352500200957541,0.9004995574377761,0.934468872023945,0.644025562699257,1.0627381315536337,1.0004026250332023,0.7930041156110553
Macron,0.1364313916142869,-1.8767415024774348,0.3060561953579213,0.033586194081454225,0.8335470809031661,0.32638615480115263,0.11980393772543123,0.44248454959282013,0.8880237545630439,1.0917571572286262,0.5839753595356709,0.6416903618708847,0.5751088175053739,0.6589235147455819
Mélenchon,-0.4494861177270398,2.718332765870418,-0.23334374937349578,0.6194602164620868,-0.2625291171894082,-1.4822519152734948,-0.7622782474581082,0.5307006417622433,0.32753723196870743,0.8138074711407317,0.605368227678783,0.7223637452213014,0.3672293668826867,0.6116335922843731
Pécresse,-0.2779583850640538,-1.0516576676883607,0.3066485755458246,-0.48953330015941976,0.35178955973223613,0.16300921168979757,0.9200148077074614,0.7604295683882657,1.1463602609781618,1.8717974955201566,0.9697741570641573,0.5079152734604462,0.536177301776012,0.8980698512550912
Zemmour,-0.5260602732777592,0.9389647913827444,-0.7572235122110618,0.9684937982158933,0.14129343448417597,0.026156714579721612,-0.4207808084026827,0.6984216813654606,0.5020776244277219,0.6563383174048433,0.6841482116819634,1.1815538547826439,0.7548378830803628,0.8308653537020618
