choice:id,mean,mean,mean,mean,mean,mean,mean,sd,sd,sd,sd,sd,sd,sd
,BVA,Cluster17,Elabe,Harris Interactive,Ifop,Ipsos,Opinion Way,BVA,Cluster17,Elabe,Harris Interactive,Ifop,Ipsos,Opinion Way
Le Pen,0.68480880813458,-1.5108295281051065,-0.1375939897837135,0.4397337836220001,0.8440305065547645,-0.9482763771190766,0.5580695882666378,0.5614533895735151,0.8021635174014725,0.6361837505203386,0.6841224789278371,1.1113695244204571,1.000379782418906,0.6160878390887854
Macron,0.22919794876592015,-1.9474404737763191,0.40397375561344023,-0.022485684644693915,0.7915522937928229,0.3220177742721682,0.07960791072256598,0.4392048986665426,0.9112514680589356,1.2326651015125456,0.591875815651758,0.6673062145241262,0.5768496998535434,0.6936817218908279
Mélenchon,-0.4890596393991542,2.793370075532846,-0.3272372878019114,0.639213567767349,-0.3796411757133684,-1.3916076160929611,-0.8640736998471078,0.46400678345863516,0.3492383936155298,0.8521935387946362,0.5276651183857521,0.5863154201391594,0.3933249486320012,0.4709435172944194
Pécresse,-0.15768215580525702,-1.3040453915858856,0.9648965755762106,-0.45937614684312167,0.249825734877977,-0.01478089449454334,0.9887787556399201,0.5576193298353892,1.2141851345959485,1.2096173425627794,0.9767016370812799,0.5169088942968032,0.4932132718341489,0.70075305286937
Zemmour,-0.6475913905142772,1.022246128634774,-0.70081583702819,1.0754773972108438,-0.0609633258158893,0.13681242954095355,-0.46650994211574703,0.6039519295613154,0.5351151321943265,0.7037922132993216,0.7062346024424255,1.0050708109896962,0.7664732394463581,0.8538316427557655
