choice:id,mean,mean,mean,mean,mean,mean,mean,sd,sd,sd,sd,sd,sd,sd
,BVA,Cluster17,Elabe,Harris Interactive,Ifop,Ipsos,Opinion Way,BVA,Cluster17,Elabe,Harris Interactive,Ifop,Ipsos,Opinion Way
Le Pen,0.4169178750315119,-1.5190222277346042,0.16376260304714993,0.7013532128918176,0.5487455396992803,-0.6620970126291459,0.4191300177950277,0.9576245440068012,0.7886406437828757,1.5924855559219857,0.8812068243336972,1.1904011777351102,1.4432378870727682,0.9989876698871062
Macron,0.06779630649655495,-1.7493878141401122,0.032155868838652575,-0.11335997367894089,0.3196141717520489,0.7174926833060739,-0.2398133256280615,1.3652263342213524,1.387853697239268,2.1158554097184994,1.369005956819678,1.305707883923547,1.5551487720748962,1.4150671570605307
Mélenchon,-0.25969818902346536,1.9775343638619898,0.01243281791425017,0.2913931791037348,-0.6281480139566371,-0.24673489931625886,-0.9637800810169879,1.133587693958953,0.5358817786559565,1.2733729337186332,0.7463605781461229,0.9184260156937323,1.4327429570652204,1.0849429496532472
Pécresse,-0.007561386115076197,-0.41637340339280976,0.20609038842975963,-0.25731030831911994,0.755168155399755,-0.770682484889391,1.0799576001640645,0.9278885962798686,0.9533306736536336,1.729258556348269,1.1819967903617759,0.9300659968976375,1.0256480533239727,1.2981486782650498
Zemmour,-0.30021158780476453,1.1704239194534924,-0.7969926033392074,0.6552398703940485,0.3041162521920642,-0.26440345037050683,-0.7349350112689232,1.0000230060195265,0.8663501912917076,0.9701038792895422,1.2527448565339474,1.2272303899305848,0.9558660538213076,1.1085663851689096
