choice:id,mean,mean,mean,mean,mean,mean,mean,sd,sd,sd,sd,sd,sd,sd
,BVA,Cluster17,Elabe,Harris Interactive,Ifop,Ipsos,Opinion Way,BVA,Cluster17,Elabe,Harris Interactive,Ifop,Ipsos,Opinion Way
Le Pen,0.5289148668119417,-1.5084180772097204,0.002900142631771766,0.7769393092908032,0.5167233760025919,-0.6990361382897352,0.45723015954875795,1.0114089238186577,0.7755324436050582,1.4053882322455977,0.9374816412715385,1.1208569635392054,1.3448274475656605,0.9659362926397179
Macron,0.06487085910008439,-1.795025967372841,-0.005047263243306168,-0.10981619982004981,0.33848347834552456,0.8841198267786375,-0.23813810334051766,1.3605544216539387,1.4065714943195804,2.1846546084918255,1.3597863611409524,1.3308124336431781,1.4532788124997083,1.4258084399984319
Mélenchon,-0.16775858290748397,2.0087585912752717,-0.021766288739200126,0.356500502593461,-0.672965421636386,-0.3054506124702375,-0.9445950902346536,1.1963572158950457,0.5014174128228773,1.303936112523752,0.7711431616468751,0.8049480614699381,1.366320824882015,1.0746260851114908
Pécresse,-0.08734062687096174,-0.4331904298350182,0.34845175535897227,-0.31532869366165267,0.7837390892979473,-0.875297018594067,1.0721249792228829,0.9776638530108331,0.9788429032087902,1.6506851320166096,1.2070467236716143,0.8801867773558149,1.0869764236627155,1.2863019803599853
Zemmour,-0.3678425039926262,1.1812376414547563,-0.7454374848421593,0.6084764489827796,0.3128845653419772,-0.2675945721697188,-0.7562227732055622,1.0210992500872014,0.8686775331428231,0.9419245247854452,1.2835067118943504,1.2279887840239738,0.9280260891692148,1.1209465661146427
