choice:id,mean,mean,mean,mean,mean,mean,mean,mean,mean,sd,sd,sd,sd,sd,sd,sd,sd,sd
,BVA,Cluster17,Elabe,Harris Interactive,Ifop,Ipsos,Kantar Public,Odoxa,Opinion Way,BVA,Cluster17,Elabe,Harris Interactive,Ifop,Ipsos,Kantar Public,Odoxa,Opinion Way
Le Pen,0.5921958591898668,-2.0205625189247125,0.7330135091601848,1.4339529404764444,0.4140787868497078,-0.40695268262898326,0.33096207795435273,1.340963349240729,-0.545803917962224,2.4927119607968335,1.4968604537859571,2.15191216165416,2.9045744800745914,2.956716628782342,2.268533085579252,1.58790748631126,1.221252861450108,3.382596774778995
Macron,0.20390661270117752,-1.7541646848971224,0.7563997421669322,-0.3495030266439078,0.33650621937881453,0.2882174817386169,0.05766752433030575,-0.05216591253288832,-1.1642096131646207,1.4331197101321225,1.6227730587858404,2.246295681130171,1.5203649231729004,1.4633758250657898,1.5478538831650834,2.259015000936199,0.9755410268420072,4.834469105683916
Mélenchon,-0.4537201109179627,1.9339814904189068,-0.16162687158079614,1.074504673338001,-0.5068812652596586,-0.30312525805741763,0.0024591405149725354,-0.546892724985217,-1.4090972776875423,1.3638845649981577,0.6752117345538283,1.3442786509133147,1.2385728362918051,1.2672271833536297,1.4931907171836212,1.1199162940612617,0.8962728682456126,2.1369761302445394
Pécresse,0.34807893011767366,-0.5819020903702089,-1.0150931904827172,-1.6152279617847523,0.15917965297125392,-1.017067190111607,-0.6253704038854186,-0.7488748347228397,1.0618830296428794,2.9184492618298665,3.1352906835734116,4.316446634569462,4.172690699532843,3.3232373842047775,2.5168460079950665,0.8954003827640601,4.708707130943463,3.4571532059064145
Zemmour,-1.0111198852800318,1.478945235131053,-1.506644523013454,-1.482718236607668,0.13838615414446126,-0.7912287935420935,0.9814057670394862,0.006659282595690692,-1.0986862642736515,3.620342830915887,2.243922257331376,2.665034496633565,4.604217991571432,2.4075883917102225,2.443236170985152,1.4714079519598007,1.883235831162027,2.7153673969194707
