choice:id,mean,mean,mean,sd,sd,sd
,Ipsos,Median,STEM/MARK,Ipsos,Median,STEM/MARK
Andrej Babiš,2.3816985608218673,1.7333333333333325,-4.028210903862458,0.0,0.5999999999999996,0.0
Danuše Nerudová,2.1054492417048767,-1.9666666666666668,-0.4281858760140267,0.0,2.0,0.0
Josef Středula,-1.2505449241704873,1.2666666666666662,0.01281858760140242,0.0,0.19999999999999973,0.0
Marek Hilšer,0.8655768183256907,-0.8999999999999999,0.09230384186947216,0.0,0.3999999999999999,0.0
Pavel Fischer,-0.28387825750382056,0.033333333333333215,0.2794852542680699,0.0,0.20000000000000018,0.0
Petr Pavel,3.2816985608218694,-1.466666666666665,-1.7282109038624576,0.0,0.6000000000000014,0.0
